time,station,latitude,longitude,pm10,pm2_5,no2,ozone,so2,co,aqi,temperature,precipitation,hour,day_of_week,month,is_weekend,pm10_lag_1,pm10_lag_24,pm2_5_lag_1,pm2_5_lag_24,no2_lag_1,no2_lag_24,ozone_lag_1,ozone_lag_24,aqi_lag_1,aqi_lag_24,temperature_lag_1,temperature_lag_24,precipitation_lag_1,precipitation_lag_24,pm10_rolling_3,pm10_rolling_24,pm2_5_rolling_3,pm2_5_rolling_24,no2_rolling_3,no2_rolling_24,aqi_rolling_3,aqi_rolling_24
2026-05-06 00:00:00,Burgos,42.3439,-3.6969,3.3,2.2,3.2,60.0,0.2,125.0,24,6.4,0.0,0,2,5,0,3.2,3.2,2.3,2.6,3.1,3.0,64.0,65.0,26.0,26.0,7.0,7.6,0.0,0.0,3.3000000000000003,3.6166666666666667,2.3666666666666667,2.6791666666666667,3.3000000000000003,3.025,27.666666666666668,26.583333333333332
2026-05-06 01:00:00,Burgos,42.3439,-3.6969,3.8,2.4,3.1,63.0,0.2,123.0,25,5.9,0.0,1,2,5,0,3.3,3.7,2.2,3.0,3.2,3.4,60.0,59.0,24.0,24.0,6.4,7.7,0.0,0.4,3.3333333333333335,3.620833333333333,2.3,2.6625,3.233333333333333,3.033333333333333,25.666666666666668,26.5
2026-05-06 02:00:00,Burgos,42.3439,-3.6969,4.0,2.6,2.4,65.0,0.2,121.0,26,5.4,0.0,2,2,5,0,3.8,4.2,2.4,3.1,3.1,3.9,63.0,58.0,25.0,23.0,5.9,6.9,0.0,0.5,3.433333333333333,3.625,2.3000000000000003,2.6374999999999997,3.1333333333333333,3.0208333333333335,25.0,26.541666666666668
2026-05-06 03:00:00,Burgos,42.3439,-3.6969,3.3,2.6,2.6,60.0,0.2,121.0,24,5.0,0.0,3,2,5,0,4.0,4.6,2.6,3.0,2.4,4.2,65.0,51.0,26.0,20.0,5.4,6.9,0.0,0.0,3.6999999999999997,3.616666666666667,2.4,2.6166666666666667,2.9,2.9583333333333335,25.0,26.666666666666668
2026-05-06 04:00:00,Burgos,42.3439,-3.6969,3.4,2.5,2.4,61.0,0.3,122.0,24,4.5,0.0,4,2,5,0,3.3,4.5,2.6,3.4,2.6,5.2,60.0,43.0,24.0,17.0,5.0,5.7,0.0,0.0,3.6999999999999993,3.5625,2.533333333333333,2.6,2.6999999999999997,2.891666666666667,25.0,26.833333333333332
2026-05-06 05:00:00,Burgos,42.3439,-3.6969,3.9,3.0,2.7,60.0,0.3,124.0,24,4.1,0.0,5,2,5,0,3.4,3.9,2.5,3.0,2.4,5.6,61.0,40.0,24.0,16.0,4.5,5.2,0.0,0.0,3.5666666666666664,3.516666666666666,2.5666666666666664,2.5625,2.466666666666667,2.775,24.666666666666668,27.125
2026-05-06 06:00:00,Burgos,42.3439,-3.6969,4.2,3.5,3.0,59.0,0.3,126.0,24,3.7,0.0,6,2,5,0,3.9,3.7,3.0,2.8,2.7,5.3,60.0,42.0,24.0,17.0,4.1,5.2,0.0,0.0,3.533333333333333,3.516666666666667,2.6999999999999997,2.5625,2.566666666666667,2.654166666666667,24.0,27.458333333333332
2026-05-06 07:00:00,Burgos,42.3439,-3.6969,5.0,3.7,4.0,58.0,0.5,127.0,23,2.3,0.0,7,2,5,0,4.2,3.9,3.5,3.0,3.0,4.4,59.0,48.0,24.0,19.0,3.7,4.9,0.0,0.0,3.8333333333333335,3.5375,3.0,2.591666666666667,2.6999999999999997,2.558333333333333,24.0,27.75
2026-05-06 08:00:00,Burgos,42.3439,-3.6969,5.8,4.0,6.1,56.0,0.6,128.0,22,2.0,0.0,8,2,5,0,5.0,4.8,3.7,3.4,4.0,5.9,58.0,50.0,23.0,20.0,2.3,5.4,0.0,0.1,4.366666666666666,3.5833333333333335,3.4000000000000004,2.620833333333333,3.233333333333333,2.5416666666666665,23.666666666666668,27.916666666666668
2026-05-06 09:00:00,Burgos,42.3439,-3.6969,6.7,3.8,8.5,63.0,0.8,133.0,25,4.1,0.0,9,2,5,0,5.8,4.0,4.0,3.2,6.1,4.2,56.0,60.0,22.0,24.0,2.0,6.5,0.0,0.0,5.0,3.625,3.733333333333334,2.6458333333333335,4.366666666666666,2.5500000000000003,23.0,28.0
2026-05-06 10:00:00,Burgos,42.3439,-3.6969,7.0,3.8,6.3,65.0,0.9,132.0,26,6.1,0.0,10,2,5,0,6.7,4.2,3.8,3.1,8.5,3.4,63.0,62.0,25.0,25.0,4.1,7.6,0.0,0.0,5.833333333333333,3.7375000000000003,3.8333333333333335,2.670833333333333,6.2,2.7291666666666665,23.333333333333332,28.041666666666668
2026-05-06 11:00:00,Burgos,42.3439,-3.6969,6.7,4.4,3.9,72.0,0.6,128.0,29,8.1,0.0,11,2,5,0,7.0,4.4,3.8,3.4,6.3,2.5,65.0,67.0,26.0,27.0,6.1,8.7,0.0,0.0,6.5,3.8541666666666665,3.8666666666666667,2.6999999999999997,6.966666666666666,2.85,24.333333333333332,28.083333333333332
2026-05-06 12:00:00,Burgos,42.3439,-3.6969,5.6,4.5,2.2,81.0,0.5,127.0,32,10.3,0.0,12,2,5,0,6.7,4.3,4.4,3.4,3.9,1.7,72.0,73.0,29.0,29.0,8.1,9.6,0.0,0.2,6.8,3.9500000000000006,4.0,2.7416666666666667,6.233333333333333,2.908333333333333,26.666666666666668,28.166666666666668
2026-05-06 13:00:00,Burgos,42.3439,-3.6969,4.3,3.1,2.3,85.0,0.6,124.0,34,11.9,0.0,13,2,5,0,5.6,3.4,4.5,2.9,2.2,1.1,81.0,79.0,32.0,32.0,10.3,10.7,0.0,0.7,6.433333333333334,4.004166666666666,4.233333333333333,2.7875,4.133333333333334,2.9291666666666667,29.0,28.291666666666668
2026-05-06 14:00:00,Burgos,42.3439,-3.6969,4.3,3.0,1.9,87.0,0.5,120.0,35,13.5,0.0,14,2,5,0,4.3,3.2,3.1,2.4,2.3,1.0,85.0,83.0,34.0,33.0,11.9,11.6,0.0,0.0,5.533333333333334,4.041666666666667,4.0,2.795833333333333,2.8000000000000003,2.9791666666666665,31.666666666666668,28.375
2026-05-06 15:00:00,Burgos,42.3439,-3.6969,4.6,2.4,1.7,92.0,0.6,116.0,37,14.4,0.0,15,2,5,0,4.3,3.2,3.0,2.4,1.9,0.9,87.0,87.0,35.0,35.0,13.5,12.6,0.0,0.0,4.733333333333333,4.0874999999999995,3.533333333333333,2.8208333333333333,2.1333333333333333,3.016666666666667,33.666666666666664,28.458333333333332
2026-05-06 16:00:00,Burgos,42.3439,-3.6969,3.5,2.2,1.9,94.0,0.6,114.0,38,15.0,0.0,16,2,5,0,4.6,3.2,2.4,2.2,1.7,1.0,92.0,88.0,37.0,35.0,14.4,13.6,0.0,0.0,4.3999999999999995,4.145833333333333,2.8333333333333335,2.8208333333333333,1.9666666666666666,3.0500000000000003,35.333333333333336,28.541666666666668
2026-05-06 17:00:00,Burgos,42.3439,-3.6969,3.5,2.0,1.8,93.0,0.6,113.0,37,14.9,0.0,17,2,5,0,3.5,3.0,2.2,1.9,1.9,1.0,94.0,86.0,38.0,34.0,15.0,12.3,0.0,0.0,4.133333333333333,4.158333333333333,2.5333333333333337,2.820833333333333,1.8333333333333333,3.0875,36.666666666666664,28.666666666666668
2026-05-06 18:00:00,Burgos,42.3439,-3.6969,3.6,2.1,2.0,91.0,0.5,114.0,36,13.9,0.5,18,2,5,0,3.5,2.7,2.0,1.5,1.8,1.1,93.0,84.0,37.0,34.0,14.9,10.9,0.0,1.1,3.866666666666666,4.179166666666666,2.1999999999999997,2.8250000000000006,1.8,3.120833333333333,37.333333333333336,28.791666666666668
2026-05-06 19:00:00,Burgos,42.3439,-3.6969,3.5,2.3,2.0,89.0,0.4,114.0,36,13.9,0.0,19,2,5,0,3.6,2.3,2.1,1.6,2.0,1.6,91.0,83.0,36.0,33.0,13.9,8.3,0.5,1.0,3.533333333333333,4.216666666666667,2.1,2.85,1.8999999999999997,3.158333333333333,37.0,28.875
2026-05-06 20:00:00,Burgos,42.3439,-3.6969,4.1,2.3,1.5,87.0,0.3,116.0,35,12.5,0.0,20,2,5,0,3.5,2.5,2.3,1.9,2.0,2.3,89.0,80.0,36.0,32.0,13.9,8.7,0.0,0.5,3.533333333333333,4.266666666666667,2.1333333333333333,2.8791666666666664,1.9333333333333336,3.1749999999999994,36.333333333333336,29.0
2026-05-06 21:00:00,Burgos,42.3439,-3.6969,4.5,2.4,2.1,81.0,0.2,119.0,32,11.3,0.0,21,2,5,0,4.1,3.2,2.3,2.4,1.5,3.4,87.0,75.0,35.0,30.0,12.5,7.9,0.0,0.0,3.733333333333333,4.333333333333333,2.233333333333333,2.8958333333333335,1.8333333333333333,3.141666666666666,35.666666666666664,29.125
2026-05-06 22:00:00,Burgos,42.3439,-3.6969,4.3,2.3,2.5,78.0,0.2,120.0,31,9.9,0.0,22,2,5,0,4.5,3.5,2.4,2.4,2.1,3.4,81.0,68.0,32.0,27.0,11.3,7.4,0.0,0.0,4.033333333333333,4.3875,2.3333333333333335,2.8958333333333335,1.8666666666666665,3.0875000000000004,34.333333333333336,29.208333333333332
2026-05-06 23:00:00,Burgos,42.3439,-3.6969,5.3,2.8,2.2,72.0,0.2,120.0,29,9.3,0.0,23,2,5,0,4.3,3.2,2.3,2.3,2.5,3.1,78.0,64.0,31.0,26.0,9.9,7.0,0.0,0.0,4.3,4.420833333333333,2.333333333333333,2.891666666666667,2.033333333333333,3.0500000000000003,32.666666666666664,29.375
2026-05-07 00:00:00,Burgos,42.3439,-3.6969,6.1,3.9,2.3,74.0,0.2,120.0,30,8.8,0.0,0,3,5,0,5.3,3.3,2.8,2.2,2.2,3.2,72.0,60.0,29.0,24.0,9.3,6.4,0.0,0.0,4.7,4.508333333333334,2.4999999999999996,2.9124999999999996,2.266666666666667,3.0125000000000006,30.666666666666668,29.5
2026-05-07 01:00:00,Burgos,42.3439,-3.6969,7.3,4.7,2.5,74.0,0.2,120.0,30,8.2,0.0,1,3,5,0,6.1,3.8,3.9,2.4,2.3,3.1,74.0,63.0,30.0,25.0,8.8,5.9,0.0,0.0,5.233333333333333,4.625,3.0,2.983333333333334,2.3333333333333335,2.975,30.0,29.75
2026-05-07 02:00:00,Burgos,42.3439,-3.6969,7.6,5.8,2.4,74.0,0.2,121.0,30,8.0,0.0,2,3,5,0,7.3,4.0,4.7,2.6,2.5,2.4,74.0,65.0,30.0,26.0,8.2,5.4,0.0,0.0,6.233333333333333,4.770833333333333,3.7999999999999994,3.079166666666667,2.3333333333333335,2.9499999999999997,29.666666666666668,29.958333333333332
2026-05-07 03:00:00,Burgos,42.3439,-3.6969,7.8,5.2,2.2,69.0,0.1,122.0,28,8.0,0.0,3,3,5,0,7.6,3.3,5.8,2.6,2.4,2.6,74.0,60.0,30.0,24.0,8.0,5.0,0.0,0.0,7.0,4.920833333333333,4.8,3.2125000000000004,2.4,2.9499999999999997,30.0,30.125
2026-05-07 04:00:00,Burgos,42.3439,-3.6969,7.7,5.6,2.3,64.0,0.1,124.0,26,7.8,0.0,4,3,5,0,7.8,3.4,5.2,2.5,2.2,2.4,69.0,61.0,28.0,24.0,8.0,4.5,0.0,0.0,7.566666666666666,5.108333333333333,5.233333333333333,3.3208333333333333,2.3666666666666667,2.933333333333333,29.333333333333332,30.291666666666668
2026-05-07 05:00:00,Burgos,42.3439,-3.6969,7.9,6.1,2.3,59.0,0.2,123.0,24,7.4,0.0,5,3,5,0,7.7,3.9,5.6,3.0,2.3,2.7,64.0,60.0,26.0,24.0,7.8,4.1,0.0,0.0,7.699999999999999,5.2875000000000005,5.533333333333332,3.4499999999999997,2.3,2.9291666666666667,28.0,30.375
2026-05-07 06:00:00,Burgos,42.3439,-3.6969,7.3,6.2,3.0,56.0,0.2,123.0,22,6.9,0.0,6,3,5,0,7.9,4.2,6.1,3.5,2.3,3.0,59.0,59.0,24.0,24.0,7.4,3.7,0.0,0.0,7.800000000000001,5.454166666666667,5.633333333333333,3.579166666666666,2.2666666666666666,2.9125,26.0,30.375
2026-05-07 07:00:00,Burgos,42.3439,-3.6969,7.4,6.2,3.7,57.0,0.2,126.0,23,6.5,0.0,7,3,5,0,7.3,5.0,6.2,3.7,3.0,4.0,56.0,58.0,22.0,23.0,6.9,2.3,0.0,0.0,7.633333333333333,5.583333333333333,5.966666666666666,3.6916666666666664,2.533333333333333,2.9125,24.0,30.291666666666668
2026-05-07 08:00:00,Burgos,42.3439,-3.6969,7.7,6.1,6.6,54.0,0.2,126.0,22,6.5,0.0,8,3,5,0,7.4,5.8,6.2,4.0,3.7,6.1,57.0,56.0,23.0,22.0,6.5,2.0,0.0,0.0,7.533333333333334,5.683333333333334,6.166666666666667,3.795833333333333,3.0,2.9,23.0,30.291666666666668
2026-05-07 09:00:00,Burgos,42.3439,-3.6969,7.3,5.8,6.4,65.0,0.4,122.0,26,7.3,0.0,9,3,5,0,7.7,6.7,6.1,3.8,6.6,8.5,54.0,63.0,22.0,25.0,6.5,4.1,0.0,0.0,7.466666666666666,5.762499999999999,6.166666666666667,3.883333333333333,4.433333333333334,2.920833333333333,22.333333333333332,30.291666666666668
2026-05-07 10:00:00,Burgos,42.3439,-3.6969,6.5,4.7,3.3,72.0,0.3,118.0,29,9.2,0.0,10,3,5,0,7.3,7.0,5.8,3.8,6.4,6.3,65.0,65.0,26.0,26.0,7.3,6.1,0.0,0.0,7.466666666666666,5.7875000000000005,6.033333333333334,3.966666666666667,5.566666666666666,2.8333333333333335,23.666666666666668,30.333333333333332
2026-05-07 11:00:00,Burgos,42.3439,-3.6969,6.1,4.4,2.2,78.0,0.3,115.0,31,12.7,0.0,11,3,5,0,6.5,6.7,4.7,4.4,3.3,3.9,72.0,72.0,29.0,29.0,9.2,8.1,0.0,0.0,7.166666666666667,5.766666666666667,5.533333333333332,4.004166666666666,5.433333333333334,2.7083333333333335,25.666666666666668,30.458333333333332
2026-05-07 12:00:00,Burgos,42.3439,-3.6969,5.0,3.9,1.3,85.0,0.3,113.0,34,15.3,0.1,12,3,5,0,6.1,5.6,4.4,4.5,2.2,2.2,78.0,81.0,31.0,32.0,12.7,10.3,0.0,0.0,6.633333333333333,5.741666666666667,4.966666666666666,4.004166666666666,3.9666666666666663,2.6374999999999997,28.666666666666668,30.541666666666668
2026-05-07 13:00:00,Burgos,42.3439,-3.6969,4.9,3.7,1.0,90.0,0.3,111.0,36,15.8,0.2,13,3,5,0,5.0,4.3,3.9,3.1,1.3,2.3,85.0,85.0,34.0,34.0,15.3,11.9,0.1,0.0,5.866666666666667,5.716666666666666,4.333333333333333,3.9791666666666665,2.2666666666666666,2.6,31.333333333333332,30.625
2026-05-07 14:00:00,Burgos,42.3439,-3.6969,4.8,3.6,0.9,94.0,0.3,110.0,38,15.9,0.4,14,3,5,0,4.9,4.3,3.7,3.0,1.0,1.9,90.0,87.0,36.0,35.0,15.8,13.5,0.2,0.0,5.333333333333333,5.741666666666667,4.0,4.004166666666666,1.5,2.545833333333333,33.666666666666664,30.708333333333332
2026-05-07 15:00:00,Burgos,42.3439,-3.6969,4.4,3.4,0.8,97.0,0.2,109.0,39,15.6,0.8,15,3,5,0,4.8,4.6,3.6,2.4,0.9,1.7,94.0,92.0,38.0,37.0,15.9,14.4,0.4,0.0,4.8999999999999995,5.762499999999999,3.733333333333333,4.029166666666667,1.0666666666666667,2.504166666666667,36.0,30.833333333333332
2026-05-07 16:00:00,Burgos,42.3439,-3.6969,4.0,2.8,1.0,99.0,0.3,109.0,40,15.3,1.0,16,3,5,0,4.4,3.5,3.4,2.2,0.8,1.9,97.0,94.0,39.0,38.0,15.6,15.0,0.8,0.0,4.7,5.754166666666666,3.5666666666666664,4.070833333333333,0.9,2.466666666666667,37.666666666666664,30.916666666666668
2026-05-07 17:00:00,Burgos,42.3439,-3.6969,4.4,2.8,1.1,99.0,0.2,109.0,40,15.0,3.0,17,3,5,0,4.0,3.5,2.8,2.0,1.0,1.8,99.0,93.0,40.0,37.0,15.3,14.9,1.0,0.0,4.3999999999999995,5.7749999999999995,3.266666666666666,4.095833333333334,0.9,2.4291666666666667,39.0,31.0
2026-05-07 18:00:00,Burgos,42.3439,-3.6969,4.0,2.8,1.3,95.0,0.3,110.0,38,14.5,0.5,18,3,5,0,4.4,3.6,2.8,2.1,1.1,2.0,99.0,91.0,40.0,36.0,15.0,13.9,3.0,0.5,4.266666666666667,5.8125,2.9999999999999996,4.129166666666667,0.9666666666666668,2.4,39.666666666666664,31.125
2026-05-07 19:00:00,Burgos,42.3439,-3.6969,3.8,2.6,1.8,91.0,0.3,110.0,36,14.3,0.2,19,3,5,0,4.0,3.5,2.8,2.3,1.3,2.0,95.0,89.0,38.0,36.0,14.5,13.9,0.5,0.0,4.133333333333334,5.829166666666667,2.8,4.158333333333333,1.1333333333333335,2.370833333333333,39.333333333333336,31.208333333333332
2026-05-07 20:00:00,Burgos,42.3439,-3.6969,3.7,2.4,2.2,88.0,0.4,110.0,35,13.6,0.0,20,3,5,0,3.8,4.1,2.6,2.3,1.8,1.5,91.0,87.0,36.0,35.0,14.3,12.5,0.2,0.0,4.066666666666667,5.841666666666666,2.733333333333333,4.170833333333333,1.4000000000000001,2.3625000000000003,38.0,31.208333333333332
2026-05-07 21:00:00,Burgos,42.3439,-3.6969,3.6,2.7,3.0,77.0,0.4,110.0,31,12.6,0.0,21,3,5,0,3.7,4.5,2.4,2.4,2.2,2.1,88.0,81.0,35.0,32.0,13.6,11.3,0.0,0.0,3.8333333333333335,5.825,2.5999999999999996,4.175,1.7666666666666668,2.3916666666666666,36.333333333333336,31.208333333333332
2026-05-07 22:00:00,Burgos,42.3439,-3.6969,3.9,3.0,3.1,75.0,0.4,111.0,30,11.4,0.0,22,3,5,0,3.6,4.3,2.7,2.3,3.0,2.5,77.0,78.0,31.0,31.0,12.6,9.9,0.0,0.0,3.6999999999999997,5.7875000000000005,2.5666666666666664,4.1875,2.3333333333333335,2.4291666666666667,34.0,31.166666666666668
2026-05-07 23:00:00,Burgos,42.3439,-3.6969,5.1,3.7,3.0,73.0,0.3,113.0,29,10.7,0.0,23,3,5,0,3.9,5.3,3.0,2.8,3.1,2.2,75.0,72.0,30.0,29.0,11.4,9.3,0.0,0.0,3.733333333333333,5.770833333333333,2.6999999999999997,4.216666666666667,2.766666666666667,2.4541666666666666,32.0,31.125
2026-05-06 00:00:00,León,42.5987,-5.5671,4.0,3.4,4.2,64.0,0.7,128.0,26,7.9,0.0,0,2,5,0,4.0,3.6,3.4,2.3,4.2,4.5,66.0,57.0,26.0,23.0,9.3,9.3,0.0,0.0,3.7999999999999994,3.216666666666667,3.266666666666667,2.433333333333333,3.6999999999999997,2.4583333333333335,26.666666666666668,25.833333333333332
2026-05-06 01:00:00,León,42.5987,-5.5671,4.1,3.6,4.1,61.0,0.7,128.0,24,7.5,0.0,1,2,5,0,4.0,3.9,3.4,3.5,4.2,4.2,64.0,51.0,26.0,20.0,7.9,8.7,0.0,0.0,3.9333333333333336,3.233333333333334,3.3666666666666667,2.4791666666666665,4.1000000000000005,2.4458333333333333,26.0,25.958333333333332
2026-05-06 02:00:00,León,42.5987,-5.5671,4.6,3.9,4.2,58.0,0.8,129.0,23,6.3,0.0,2,2,5,0,4.1,4.2,3.6,3.3,4.1,3.6,61.0,46.0,24.0,18.0,7.5,8.4,0.0,0.0,4.033333333333332,3.2416666666666667,3.4666666666666663,2.4833333333333334,4.166666666666667,2.4416666666666664,25.333333333333332,26.125
2026-05-06 03:00:00,León,42.5987,-5.5671,5.2,4.3,3.9,49.0,0.8,129.0,20,6.0,0.0,3,2,5,0,4.6,4.1,3.9,2.7,4.2,3.0,58.0,47.0,23.0,19.0,6.3,7.6,0.0,0.0,4.233333333333333,3.258333333333333,3.6333333333333333,2.5083333333333333,4.166666666666667,2.466666666666667,24.333333333333332,26.333333333333332
2026-05-06 04:00:00,León,42.5987,-5.5671,5.5,4.4,3.9,45.0,0.8,129.0,18,5.2,0.0,4,2,5,0,5.2,4.3,4.3,3.3,3.9,2.7,49.0,44.0,20.0,18.0,6.0,6.8,0.0,0.0,4.633333333333333,3.3041666666666667,3.933333333333333,2.575,4.066666666666667,2.504166666666667,22.333333333333332,26.375
2026-05-06 05:00:00,León,42.5987,-5.5671,5.8,4.4,4.1,43.0,0.7,130.0,17,4.5,0.0,5,2,5,0,5.5,4.8,4.4,3.6,3.9,2.7,45.0,44.0,18.0,18.0,5.2,6.1,0.0,0.0,5.1,3.3541666666666665,4.2,2.620833333333333,4.0,2.5541666666666667,20.333333333333332,26.375
2026-05-06 06:00:00,León,42.5987,-5.5671,6.3,4.2,4.2,44.0,0.7,130.0,18,4.3,0.0,6,2,5,0,5.8,4.5,4.4,3.4,4.1,2.8,43.0,46.0,17.0,18.0,4.5,5.8,0.0,0.0,5.5,3.3958333333333335,4.366666666666666,2.6541666666666663,3.9666666666666663,2.6125,18.333333333333332,26.333333333333332
2026-05-06 07:00:00,León,42.5987,-5.5671,5.2,4.3,4.6,40.0,0.8,131.0,16,3.7,0.0,7,2,5,0,6.3,4.3,4.2,3.3,4.2,2.9,44.0,54.0,18.0,22.0,4.3,5.4,0.0,0.0,5.866666666666667,3.470833333333333,4.333333333333333,2.6875,4.066666666666666,2.670833333333333,17.666666666666668,26.333333333333332
2026-05-06 08:00:00,León,42.5987,-5.5671,6.2,4.3,8.5,38.0,0.8,130.0,15,4.1,0.0,8,2,5,0,5.2,4.2,4.3,3.3,4.6,3.9,40.0,54.0,16.0,22.0,3.7,5.4,0.0,0.0,5.766666666666667,3.508333333333333,4.3,2.7291666666666665,4.3,2.7416666666666667,17.0,26.083333333333332
2026-05-06 09:00:00,León,42.5987,-5.5671,6.7,4.4,7.6,54.0,0.8,134.0,22,6.0,0.0,9,2,5,0,6.2,3.7,4.3,2.7,8.5,3.0,38.0,60.0,15.0,24.0,4.1,6.5,0.0,0.0,5.8999999999999995,3.5916666666666663,4.266666666666667,2.7708333333333335,5.766666666666667,2.9333333333333336,16.333333333333332,25.791666666666668
2026-05-06 10:00:00,León,42.5987,-5.5671,6.5,4.5,5.9,77.0,1.0,129.0,31,8.1,0.0,10,2,5,0,6.7,3.2,4.4,2.0,7.6,2.2,54.0,65.0,22.0,26.0,6.0,8.6,0.0,0.0,6.033333333333332,3.716666666666667,4.333333333333333,2.841666666666667,6.8999999999999995,3.125,17.666666666666668,25.708333333333332
2026-05-06 11:00:00,León,42.5987,-5.5671,6.5,4.4,3.0,82.0,1.1,121.0,33,10.1,0.0,11,2,5,0,6.5,3.0,4.5,2.2,5.9,1.5,77.0,71.0,31.0,28.0,8.1,10.3,0.0,0.0,6.466666666666666,3.8541666666666665,4.3999999999999995,2.9458333333333333,7.333333333333333,3.279166666666667,22.666666666666668,25.916666666666668
2026-05-06 12:00:00,León,42.5987,-5.5671,6.0,4.1,2.2,89.0,1.0,117.0,36,12.1,0.0,12,2,5,0,6.5,2.7,4.4,1.7,3.0,1.1,82.0,80.0,33.0,32.0,10.1,12.0,0.0,0.0,6.566666666666666,4.0,4.433333333333334,3.0375,5.5,3.341666666666667,28.666666666666668,26.125
2026-05-06 13:00:00,León,42.5987,-5.5671,5.8,3.2,1.9,93.0,0.8,115.0,37,13.8,0.0,13,2,5,0,6.0,2.3,4.1,1.4,2.2,0.9,89.0,82.0,36.0,33.0,12.1,13.6,0.0,0.0,6.333333333333333,4.1375,4.333333333333333,3.1374999999999997,3.7000000000000006,3.3875000000000006,33.333333333333336,26.291666666666668
2026-05-06 14:00:00,León,42.5987,-5.5671,5.6,2.9,1.8,93.0,0.7,113.0,37,15.3,0.0,14,2,5,0,5.8,2.1,3.2,1.3,1.9,0.8,93.0,83.0,37.0,33.0,13.8,14.1,0.0,0.0,6.099999999999999,4.283333333333333,3.9000000000000004,3.2125000000000004,2.3666666666666667,3.4291666666666667,35.333333333333336,26.458333333333332
2026-05-06 15:00:00,León,42.5987,-5.5671,5.4,2.5,1.7,98.0,0.7,112.0,39,16.1,0.0,15,2,5,0,5.6,1.8,2.9,1.3,1.8,0.9,93.0,82.0,37.0,33.0,15.3,12.6,0.0,0.88,5.8,4.429166666666666,3.4,3.279166666666667,1.9666666666666668,3.470833333333333,36.666666666666664,26.625
2026-05-06 16:00:00,León,42.5987,-5.5671,4.8,2.6,1.6,98.0,0.7,112.0,39,16.5,0.0,16,2,5,0,5.4,1.8,2.5,1.3,1.7,0.8,98.0,80.0,39.0,32.0,16.1,13.3,0.0,0.35,5.599999999999999,4.579166666666667,2.8666666666666667,3.329166666666666,1.8,3.5041666666666664,37.666666666666664,26.875
2026-05-06 17:00:00,León,42.5987,-5.5671,4.5,2.5,1.5,98.0,0.7,111.0,39,17.4,0.0,17,2,5,0,4.8,1.8,2.6,1.3,1.6,1.0,98.0,78.0,39.0,31.0,16.5,14.4,0.0,0.0,5.266666666666666,4.704166666666667,2.6666666666666665,3.3833333333333333,1.7,3.5375,38.333333333333336,27.166666666666668
2026-05-06 18:00:00,León,42.5987,-5.5671,4.7,2.6,1.6,99.0,0.6,111.0,40,17.4,0.0,18,2,5,0,4.5,1.7,2.5,1.4,1.5,1.2,98.0,76.0,39.0,30.0,17.4,13.3,0.0,0.1,4.8999999999999995,4.816666666666666,2.533333333333333,3.4333333333333336,1.6000000000000003,3.5583333333333336,39.0,27.5
2026-05-06 19:00:00,León,42.5987,-5.5671,4.9,2.8,1.6,98.0,0.6,113.0,39,17.1,0.0,19,2,5,0,4.7,1.9,2.6,1.7,1.6,1.8,99.0,76.0,40.0,30.0,17.4,11.8,0.0,0.3,4.666666666666666,4.941666666666666,2.5666666666666664,3.483333333333333,1.5666666666666667,3.5749999999999997,39.333333333333336,27.916666666666668
2026-05-06 20:00:00,León,42.5987,-5.5671,4.9,3.0,1.8,95.0,0.6,116.0,38,14.2,0.0,20,2,5,0,4.9,1.9,2.8,1.6,1.6,2.4,98.0,75.0,39.0,30.0,17.1,11.3,0.0,0.0,4.7,5.066666666666666,2.6333333333333333,3.529166666666667,1.5666666666666667,3.5666666666666664,39.333333333333336,28.291666666666668
2026-05-06 21:00:00,León,42.5987,-5.5671,5.1,3.6,2.4,88.0,0.5,124.0,35,13.8,0.0,21,2,5,0,4.9,3.6,3.0,3.1,1.8,3.0,95.0,71.0,38.0,28.0,14.2,10.3,0.0,0.3,4.833333333333333,5.191666666666667,2.8000000000000003,3.5875,1.6666666666666667,3.5416666666666665,39.0,28.625
2026-05-06 22:00:00,León,42.5987,-5.5671,5.1,3.6,3.6,78.0,0.5,125.0,31,12.4,0.0,22,2,5,0,5.1,3.8,3.6,3.3,2.4,3.9,88.0,65.0,35.0,26.0,13.8,9.9,0.0,0.0,4.966666666666667,5.254166666666666,3.1333333333333333,3.608333333333334,1.9333333333333336,3.516666666666666,37.333333333333336,28.916666666666668
2026-05-06 23:00:00,León,42.5987,-5.5671,5.3,3.9,4.4,73.0,0.5,125.0,29,11.3,0.0,23,2,5,0,5.1,4.0,3.6,3.4,3.6,4.2,78.0,66.0,31.0,26.0,12.4,9.3,0.0,0.0,5.033333333333333,5.308333333333333,3.4,3.6208333333333336,2.6,3.504166666666667,34.666666666666664,29.125
2026-05-07 00:00:00,León,42.5987,-5.5671,5.4,3.2,4.0,66.0,0.4,117.0,26,9.8,0.0,0,3,5,0,5.3,4.0,3.9,3.4,4.4,4.2,73.0,64.0,29.0,26.0,11.3,7.9,0.0,0.0,5.166666666666667,5.3625,3.6999999999999997,3.641666666666667,3.466666666666667,3.5124999999999997,31.666666666666668,29.25
2026-05-07 01:00:00,León,42.5987,-5.5671,4.9,3.2,4.1,63.0,0.4,118.0,25,9.0,0.0,1,3,5,0,5.4,4.1,3.2,3.6,4.0,4.1,66.0,61.0,26.0,24.0,9.8,7.5,0.0,0.0,5.266666666666666,5.420833333333333,3.5666666666666664,3.6333333333333333,4.0,3.5041666666666664,28.666666666666668,29.25
2026-05-07 02:00:00,León,42.5987,-5.5671,4.7,2.7,2.8,58.0,0.4,119.0,23,8.4,0.0,2,3,5,0,4.9,4.6,3.2,3.9,4.1,4.2,63.0,58.0,25.0,23.0,9.0,6.3,0.0,0.0,5.2,5.454166666666667,3.4333333333333336,3.6166666666666667,4.166666666666667,3.504166666666667,26.666666666666668,29.291666666666668
2026-05-07 03:00:00,León,42.5987,-5.5671,5.5,2.8,2.2,57.0,0.3,119.0,23,7.6,0.0,3,3,5,0,4.7,5.2,2.7,4.3,2.8,3.9,58.0,49.0,23.0,20.0,8.4,6.0,0.0,0.0,5.0,5.458333333333333,3.0333333333333337,3.5666666666666664,3.633333333333333,3.4458333333333333,24.666666666666668,29.291666666666668
2026-05-07 04:00:00,León,42.5987,-5.5671,5.9,3.0,2.2,56.0,0.3,122.0,22,7.3,0.0,4,3,5,0,5.5,5.5,2.8,4.4,2.2,3.9,57.0,45.0,23.0,18.0,7.6,5.2,0.0,0.0,5.033333333333333,5.470833333333334,2.9,3.5041666666666664,3.033333333333333,3.375,23.666666666666668,29.416666666666668
2026-05-07 05:00:00,León,42.5987,-5.5671,6.3,3.4,2.4,56.0,0.4,121.0,22,7.4,0.0,5,3,5,0,5.9,5.8,3.0,4.4,2.2,4.1,56.0,43.0,22.0,17.0,7.3,4.5,0.0,0.0,5.366666666666667,5.487500000000001,2.8333333333333335,3.445833333333333,2.4,3.3041666666666667,22.666666666666668,29.583333333333332
2026-05-07 06:00:00,León,42.5987,-5.5671,6.7,3.9,2.9,57.0,0.4,122.0,23,7.8,0.0,6,3,5,0,6.3,6.3,3.4,4.2,2.4,4.2,56.0,44.0,22.0,18.0,7.4,4.3,0.0,0.0,5.8999999999999995,5.508333333333333,3.0666666666666664,3.404166666666667,2.266666666666667,3.233333333333333,22.333333333333332,29.791666666666668
2026-05-07 07:00:00,León,42.5987,-5.5671,6.8,4.0,3.5,55.0,0.4,123.0,22,7.3,0.0,7,3,5,0,6.7,5.2,3.9,4.3,2.9,4.6,57.0,40.0,23.0,16.0,7.8,3.7,0.0,0.0,6.3,5.5249999999999995,3.4333333333333336,3.391666666666667,2.5,3.179166666666667,22.333333333333332,30.0
2026-05-07 08:00:00,León,42.5987,-5.5671,6.8,4.2,5.3,56.0,0.5,123.0,22,7.4,0.0,8,3,5,0,6.8,6.2,4.0,4.3,3.5,8.5,55.0,38.0,22.0,15.0,7.3,4.1,0.0,0.0,6.599999999999999,5.591666666666668,3.766666666666667,3.379166666666667,2.9333333333333336,3.1333333333333333,22.333333333333332,30.25
2026-05-07 09:00:00,León,42.5987,-5.5671,5.3,4.1,3.9,60.0,0.5,122.0,24,8.9,0.0,9,3,5,0,6.8,6.7,4.2,4.4,5.3,7.6,56.0,54.0,22.0,22.0,7.4,6.0,0.0,0.0,6.766666666666666,5.616666666666666,4.033333333333333,3.375,3.9,3.0,22.333333333333332,30.541666666666668
2026-05-07 10:00:00,León,42.5987,-5.5671,5.2,4.2,3.7,75.0,0.5,121.0,30,10.7,0.0,10,3,5,0,5.3,6.5,4.1,4.5,3.9,5.9,60.0,77.0,24.0,31.0,8.9,8.1,0.0,0.0,6.3,5.558333333333334,4.1,3.3625000000000003,4.233333333333333,2.845833333333333,22.666666666666668,30.625
2026-05-07 11:00:00,León,42.5987,-5.5671,5.8,4.6,2.5,78.0,0.5,120.0,31,12.2,0.0,11,3,5,0,5.2,6.5,4.2,4.4,3.7,3.0,75.0,82.0,30.0,33.0,10.7,10.1,0.0,0.0,5.766666666666666,5.504166666666666,4.166666666666667,3.35,4.3,2.7541666666666664,25.333333333333332,30.583333333333332
2026-05-07 12:00:00,León,42.5987,-5.5671,6.0,4.8,1.8,83.0,0.5,118.0,33,13.4,0.0,12,3,5,0,5.8,6.0,4.6,4.1,2.5,2.2,78.0,89.0,31.0,36.0,12.2,12.1,0.0,0.0,5.433333333333333,5.4750000000000005,4.3,3.358333333333333,3.3666666666666667,2.733333333333333,28.333333333333332,30.5
2026-05-07 13:00:00,León,42.5987,-5.5671,5.7,4.3,1.2,85.0,0.5,116.0,34,15.5,0.0,13,3,5,0,6.0,5.8,4.8,3.2,1.8,1.9,83.0,93.0,33.0,37.0,13.4,13.8,0.0,0.0,5.666666666666667,5.4750000000000005,4.533333333333333,3.3874999999999997,2.6666666666666665,2.716666666666667,31.333333333333332,30.375
2026-05-07 14:00:00,León,42.5987,-5.5671,5.4,4.0,1.0,86.0,0.4,114.0,34,17.2,0.0,14,3,5,0,5.7,5.6,4.3,2.9,1.2,1.8,85.0,93.0,34.0,37.0,15.5,15.3,0.0,0.0,5.833333333333333,5.470833333333334,4.566666666666666,3.433333333333333,1.8333333333333333,2.6875,32.666666666666664,30.25
2026-05-07 15:00:00,León,42.5987,-5.5671,4.9,3.6,0.8,88.0,0.3,112.0,35,18.2,0.0,15,3,5,0,5.4,5.4,4.0,2.5,1.0,1.7,86.0,98.0,34.0,39.0,17.2,16.1,0.0,0.0,5.7,5.4624999999999995,4.366666666666667,3.4791666666666665,1.3333333333333333,2.6541666666666663,33.666666666666664,30.125
2026-05-07 16:00:00,León,42.5987,-5.5671,4.1,3.1,0.8,89.0,0.3,111.0,36,18.7,0.0,16,3,5,0,4.9,4.8,3.6,2.6,0.8,1.6,88.0,98.0,35.0,39.0,18.2,16.5,0.0,0.0,5.333333333333333,5.441666666666666,3.966666666666667,3.5250000000000004,1.0,2.6166666666666667,34.333333333333336,29.958333333333332
2026-05-07 17:00:00,León,42.5987,-5.5671,3.5,2.6,0.7,90.0,0.2,110.0,36,18.7,0.0,17,3,5,0,4.1,4.5,3.1,2.5,0.8,1.5,89.0,98.0,36.0,39.0,18.7,17.4,0.0,0.0,4.8,5.4125000000000005,3.5666666666666664,3.545833333333333,0.8666666666666667,2.5833333333333335,35.0,29.833333333333332
2026-05-07 18:00:00,León,42.5987,-5.5671,3.3,2.6,0.8,88.0,0.2,111.0,35,18.3,0.0,18,3,5,0,3.5,4.7,2.6,2.6,0.7,1.6,90.0,99.0,36.0,40.0,18.7,17.4,0.0,0.0,4.166666666666667,5.370833333333334,3.1,3.5500000000000003,0.7666666666666666,2.5500000000000003,35.666666666666664,29.708333333333332
2026-05-07 19:00:00,León,42.5987,-5.5671,3.2,2.4,1.2,86.0,0.2,113.0,34,18.1,0.0,19,3,5,0,3.3,4.9,2.6,2.8,0.8,1.6,88.0,98.0,35.0,39.0,18.3,17.1,0.0,0.0,3.633333333333333,5.3125,2.766666666666667,3.5500000000000003,0.7666666666666666,2.5166666666666666,35.666666666666664,29.5
2026-05-07 20:00:00,León,42.5987,-5.5671,3.3,2.5,1.5,84.0,0.3,113.0,34,17.7,0.0,20,3,5,0,3.2,4.9,2.4,3.0,1.2,1.8,86.0,95.0,34.0,38.0,18.1,14.2,0.0,0.0,3.3333333333333335,5.241666666666666,2.533333333333333,3.5333333333333337,0.9,2.5,35.0,29.291666666666668
2026-05-07 21:00:00,León,42.5987,-5.5671,4.3,2.9,3.5,78.0,0.4,116.0,31,17.0,0.0,21,3,5,0,3.3,5.1,2.5,3.6,1.5,2.4,84.0,88.0,34.0,35.0,17.7,13.8,0.0,0.0,3.266666666666666,5.175,2.5,3.5125000000000006,1.1666666666666667,2.4875000000000003,34.333333333333336,29.125
2026-05-07 22:00:00,León,42.5987,-5.5671,4.4,3.1,3.8,74.0,0.5,118.0,30,14.3,0.0,22,3,5,0,4.3,5.1,2.9,3.6,3.5,3.6,78.0,78.0,31.0,31.0,17.0,12.4,0.0,0.0,3.5999999999999996,5.141666666666667,2.6,3.483333333333333,2.066666666666667,2.5333333333333337,33.0,28.958333333333332
2026-05-07 23:00:00,León,42.5987,-5.5671,4.5,3.7,3.3,71.0,0.5,117.0,28,13.0,0.0,23,3,5,0,4.4,5.3,3.1,3.9,3.8,4.4,74.0,73.0,30.0,29.0,14.3,11.3,0.0,0.0,4.0,5.1125,2.8333333333333335,3.4625000000000004,2.9333333333333336,2.5416666666666665,31.666666666666668,28.916666666666668
2026-05-06 00:00:00,Miranda de Ebro,42.6853,-2.9403,3.7,3.2,4.2,56.0,0.5,134.0,22,8.7,0.0,0,2,5,0,4.1,6.9,3.4,5.4,4.0,6.3,61.0,65.0,24.0,26.0,9.7,9.3,0.0,0.5,3.633333333333333,4.808333333333334,2.966666666666667,3.8708333333333336,3.433333333333333,3.533333333333333,26.666666666666668,26.25
2026-05-06 01:00:00,Miranda de Ebro,42.6853,-2.9403,3.6,3.2,5.0,56.0,0.5,132.0,22,7.3,0.0,1,2,5,0,3.7,7.9,3.2,6.3,4.2,6.4,56.0,61.0,22.0,24.0,8.7,8.5,0.0,0.0,3.7999999999999994,4.675,3.1999999999999997,3.779166666666667,3.9,3.4458333333333333,24.333333333333332,26.083333333333332
2026-05-06 02:00:00,Miranda de Ebro,42.6853,-2.9403,3.5,3.1,5.3,51.0,0.4,132.0,20,6.2,0.0,2,2,5,0,3.6,7.1,3.2,4.9,5.0,6.1,56.0,58.0,22.0,23.0,7.3,7.8,0.0,0.0,3.8000000000000003,4.495833333333334,3.266666666666667,3.65,4.3999999999999995,3.3874999999999997,22.666666666666668,26.0
2026-05-06 03:00:00,Miranda de Ebro,42.6853,-2.9403,3.5,3.2,5.3,41.0,0.3,131.0,16,5.0,0.0,3,2,5,0,3.5,7.2,3.1,5.3,5.3,5.9,51.0,54.0,20.0,22.0,6.2,7.7,0.0,0.0,3.6,4.345833333333333,3.1666666666666665,3.5750000000000006,4.833333333333333,3.3541666666666665,21.333333333333332,25.875
2026-05-06 04:00:00,Miranda de Ebro,42.6853,-2.9403,4.1,4.0,4.9,42.0,0.2,129.0,17,4.5,0.0,4,2,5,0,3.5,7.2,3.2,5.9,5.3,5.6,41.0,50.0,16.0,20.0,5.0,7.3,0.0,0.0,3.533333333333333,4.191666666666667,3.1666666666666665,3.4875000000000003,5.2,3.329166666666666,19.333333333333332,25.625
2026-05-06 05:00:00,Miranda de Ebro,42.6853,-2.9403,4.2,3.4,3.3,46.0,0.2,126.0,18,3.7,0.0,5,2,5,0,4.1,7.5,4.0,6.4,4.9,5.2,42.0,51.0,17.0,20.0,4.5,7.8,0.0,0.0,3.6999999999999997,4.0625,3.4333333333333336,3.4083333333333337,5.166666666666667,3.3000000000000003,17.666666666666668,25.5
2026-05-06 06:00:00,Miranda de Ebro,42.6853,-2.9403,3.9,3.2,2.9,45.0,0.2,127.0,18,3.3,0.0,6,2,5,0,4.2,7.8,3.4,6.9,3.3,5.5,46.0,53.0,18.0,21.0,3.7,8.0,0.0,0.0,3.9333333333333336,3.9250000000000003,3.533333333333333,3.283333333333333,4.5,3.220833333333333,17.0,25.416666666666668
2026-05-06 07:00:00,Miranda de Ebro,42.6853,-2.9403,4.2,3.5,4.1,50.0,0.2,129.0,20,3.1,0.0,7,2,5,0,3.9,7.7,3.2,6.9,2.9,6.2,45.0,52.0,18.0,21.0,3.3,8.9,0.0,0.0,4.066666666666666,3.7625000000000006,3.533333333333333,3.129166666666667,3.6999999999999997,3.1125000000000003,17.666666666666668,25.291666666666668
2026-05-06 08:00:00,Miranda de Ebro,42.6853,-2.9403,4.9,4.0,6.0,49.0,0.2,131.0,20,4.5,0.0,8,2,5,0,4.2,8.0,3.5,6.9,4.1,6.0,50.0,45.0,20.0,18.0,3.1,9.1,0.0,0.0,4.1000000000000005,3.616666666666667,3.3666666666666667,2.9875000000000003,3.4333333333333336,3.025,18.666666666666668,25.25
2026-05-06 09:00:00,Miranda de Ebro,42.6853,-2.9403,4.5,3.9,4.1,70.0,0.2,133.0,28,7.9,0.0,9,2,5,0,4.9,5.9,4.0,4.9,6.0,5.0,49.0,59.0,20.0,24.0,4.5,10.0,0.0,0.0,4.333333333333334,3.4875000000000003,3.5666666666666664,2.8666666666666667,4.333333333333333,3.025,19.333333333333332,25.333333333333332
2026-05-06 10:00:00,Miranda de Ebro,42.6853,-2.9403,4.2,3.3,2.5,78.0,0.2,127.0,31,10.2,0.0,10,2,5,0,4.5,4.4,3.9,3.8,4.1,2.6,70.0,68.0,28.0,27.0,7.9,11.2,0.0,0.0,4.533333333333334,3.4291666666666667,3.8000000000000003,2.8249999999999997,4.733333333333333,2.9874999999999994,22.666666666666668,25.5
2026-05-06 11:00:00,Miranda de Ebro,42.6853,-2.9403,3.9,3.1,1.3,88.0,0.2,122.0,35,12.0,0.0,11,2,5,0,4.2,3.2,3.3,2.8,2.5,1.9,78.0,74.0,31.0,30.0,10.2,11.6,0.0,0.0,4.533333333333334,3.420833333333334,3.733333333333333,2.8041666666666667,4.2,2.983333333333333,26.333333333333332,25.666666666666668
2026-05-06 12:00:00,Miranda de Ebro,42.6853,-2.9403,4.3,2.7,0.9,91.0,0.1,121.0,36,13.8,0.0,12,2,5,0,3.9,2.4,3.1,2.0,1.3,1.7,88.0,70.0,35.0,28.0,12.0,12.9,0.0,0.2,4.2,3.4500000000000006,3.4333333333333336,2.816666666666667,2.6333333333333333,2.9583333333333335,31.333333333333332,25.875
2026-05-06 13:00:00,Miranda de Ebro,42.6853,-2.9403,3.8,2.0,0.7,94.0,0.1,120.0,38,15.0,0.0,13,2,5,0,4.3,2.6,2.7,1.9,0.9,1.5,91.0,75.0,36.0,30.0,13.8,13.3,0.0,2.6,4.133333333333334,3.529166666666667,3.033333333333333,2.845833333333333,1.5666666666666667,2.9249999999999994,34.0,26.208333333333332
2026-05-06 14:00:00,Miranda de Ebro,42.6853,-2.9403,4.2,1.8,0.6,93.0,0.1,118.0,37,14.9,0.0,14,2,5,0,3.8,3.0,2.0,1.9,0.7,1.4,94.0,76.0,38.0,30.0,15.0,14.4,0.0,0.0,4.0,3.579166666666667,2.6,2.8499999999999996,0.9666666666666667,2.891666666666666,36.333333333333336,26.541666666666668
2026-05-06 15:00:00,Miranda de Ebro,42.6853,-2.9403,3.8,1.8,0.6,91.0,0.2,117.0,36,15.7,0.0,15,2,5,0,4.2,2.9,1.8,2.3,0.6,1.0,93.0,77.0,37.0,31.0,14.9,13.9,0.0,0.03,4.1000000000000005,3.629166666666667,2.1666666666666665,2.8458333333333337,0.7333333333333334,2.858333333333333,37.0,26.833333333333332
2026-05-06 16:00:00,Miranda de Ebro,42.6853,-2.9403,3.8,2.1,0.7,90.0,0.2,117.0,36,15.2,0.1,16,2,5,0,3.8,2.6,1.8,1.9,0.6,0.9,91.0,78.0,36.0,31.0,15.7,13.9,0.0,0.1,3.9333333333333336,3.6666666666666665,1.8666666666666665,2.8249999999999997,0.6333333333333333,2.841666666666667,37.0,27.041666666666668
2026-05-06 17:00:00,Miranda de Ebro,42.6853,-2.9403,4.0,2.3,0.7,91.0,0.2,119.0,36,15.4,0.2,17,2,5,0,3.8,2.0,2.1,1.5,0.7,1.0,90.0,79.0,36.0,32.0,15.2,12.2,0.1,0.08,3.933333333333333,3.716666666666667,1.9000000000000001,2.8333333333333335,0.6333333333333333,2.8333333333333335,36.333333333333336,27.25
2026-05-06 18:00:00,Miranda de Ebro,42.6853,-2.9403,3.8,2.4,0.9,91.0,0.2,122.0,36,14.5,1.6,18,2,5,0,4.0,2.0,2.3,1.7,0.7,1.1,91.0,77.0,36.0,31.0,15.4,11.4,0.2,0.1,3.8666666666666667,3.8000000000000003,2.066666666666667,2.8666666666666667,0.6666666666666666,2.820833333333333,36.0,27.416666666666668
2026-05-06 19:00:00,Miranda de Ebro,42.6853,-2.9403,4.5,2.6,1.1,88.0,0.3,123.0,35,14.2,0.0,19,2,5,0,3.8,3.1,2.4,1.9,0.9,1.4,91.0,76.0,36.0,30.0,14.5,12.1,1.6,0.0,3.8666666666666667,3.875,2.266666666666667,2.8958333333333335,0.7666666666666666,2.8125,36.0,27.625
2026-05-06 20:00:00,Miranda de Ebro,42.6853,-2.9403,4.9,3.1,1.6,85.0,0.4,122.0,34,13.2,0.0,20,2,5,0,4.5,3.1,2.6,2.5,1.1,1.8,88.0,77.0,35.0,31.0,14.2,12.2,0.0,0.0,4.1000000000000005,3.933333333333333,2.433333333333333,2.9249999999999994,0.9,2.7999999999999994,35.666666666666664,27.833333333333332
2026-05-06 21:00:00,Miranda de Ebro,42.6853,-2.9403,6.7,4.0,2.9,81.0,0.7,124.0,32,12.2,0.0,21,2,5,0,4.9,3.2,3.1,2.5,1.6,2.8,85.0,73.0,34.0,29.0,13.2,11.5,0.0,0.0,4.3999999999999995,4.008333333333334,2.6999999999999997,2.9499999999999997,1.2,2.7916666666666665,35.0,27.958333333333332
2026-05-06 22:00:00,Miranda de Ebro,42.6853,-2.9403,7.4,4.6,3.9,77.0,0.9,126.0,31,11.2,0.0,22,2,5,0,6.7,3.6,4.0,3.0,2.9,3.5,81.0,67.0,32.0,27.0,12.2,10.4,0.0,0.0,5.366666666666667,4.154166666666667,3.233333333333333,3.0124999999999997,1.8666666666666665,2.795833333333333,33.666666666666664,28.083333333333332
2026-05-06 23:00:00,Miranda de Ebro,42.6853,-2.9403,7.8,5.3,4.5,70.0,0.8,128.0,28,10.1,0.0,23,2,5,0,7.4,4.1,4.6,3.4,3.9,4.0,77.0,61.0,31.0,24.0,11.2,9.7,0.0,0.0,6.333333333333333,4.3125,3.9,3.079166666666666,2.8000000000000003,2.8125,32.333333333333336,28.25
2026-05-07 00:00:00,Miranda de Ebro,42.6853,-2.9403,9.1,6.6,5.1,70.0,0.7,131.0,28,9.2,0.0,0,3,5,0,7.8,3.7,5.3,3.2,4.5,4.2,70.0,56.0,28.0,22.0,10.1,8.7,0.0,0.0,7.300000000000001,4.466666666666667,4.633333333333333,3.158333333333333,3.766666666666667,2.8333333333333335,30.333333333333332,28.416666666666668
2026-05-07 01:00:00,Miranda de Ebro,42.6853,-2.9403,9.1,6.6,5.7,66.0,0.5,134.0,26,9.0,0.0,1,3,5,0,9.1,3.6,6.6,3.2,5.1,5.0,70.0,56.0,28.0,22.0,9.2,7.3,0.0,0.0,8.1,4.691666666666666,5.5,3.3000000000000003,4.5,2.8708333333333336,29.0,28.666666666666668
2026-05-07 02:00:00,Miranda de Ebro,42.6853,-2.9403,9.8,7.8,5.4,62.0,0.4,136.0,25,9.1,0.0,2,3,5,0,9.1,3.5,6.6,3.1,5.7,5.3,66.0,51.0,26.0,20.0,9.0,6.2,0.0,0.0,8.666666666666666,4.920833333333333,6.166666666666667,3.4416666666666664,5.1000000000000005,2.9,27.333333333333332,28.833333333333332
2026-05-07 03:00:00,Miranda de Ebro,42.6853,-2.9403,10.3,8.6,5.5,58.0,0.3,137.0,23,8.6,0.0,3,3,5,0,9.8,3.5,7.8,3.2,5.4,5.3,62.0,41.0,25.0,16.0,9.1,5.0,0.0,0.0,9.333333333333334,5.183333333333334,7.0,3.6374999999999997,5.400000000000001,2.904166666666667,26.333333333333332,29.041666666666668
2026-05-07 04:00:00,Miranda de Ebro,42.6853,-2.9403,10.2,8.6,5.5,55.0,0.2,139.0,22,8.7,0.0,4,3,5,0,10.3,4.1,8.6,4.0,5.5,4.9,58.0,42.0,23.0,17.0,8.6,4.5,0.0,0.0,9.733333333333333,5.466666666666666,7.666666666666667,3.8625000000000003,5.533333333333334,2.9125,24.666666666666668,29.333333333333332
2026-05-07 05:00:00,Miranda de Ebro,42.6853,-2.9403,10.8,8.5,5.6,53.0,0.2,143.0,21,8.2,0.0,5,3,5,0,10.2,4.2,8.6,3.4,5.5,3.3,55.0,46.0,22.0,18.0,8.7,3.7,0.0,0.0,10.1,5.720833333333334,8.333333333333334,4.054166666666666,5.466666666666666,2.9375,23.333333333333332,29.541666666666668
2026-05-07 06:00:00,Miranda de Ebro,42.6853,-2.9403,11.2,8.0,5.6,53.0,0.2,147.0,21,7.9,0.0,6,3,5,0,10.8,3.9,8.5,3.2,5.6,2.9,53.0,45.0,21.0,18.0,8.2,3.3,0.0,0.0,10.433333333333334,5.995833333333333,8.566666666666668,4.266666666666667,5.533333333333334,3.033333333333333,22.0,29.666666666666668
2026-05-07 07:00:00,Miranda de Ebro,42.6853,-2.9403,11.5,8.4,6.2,59.0,0.3,150.0,24,7.2,0.0,7,3,5,0,11.2,4.2,8.0,3.5,5.6,4.1,53.0,50.0,21.0,20.0,7.9,3.1,0.0,0.0,10.733333333333334,6.300000000000001,8.366666666666667,4.466666666666667,5.566666666666666,3.1458333333333335,21.333333333333332,29.791666666666668
2026-05-07 08:00:00,Miranda de Ebro,42.6853,-2.9403,11.7,8.8,7.7,58.0,0.4,151.0,23,7.3,0.0,8,3,5,0,11.5,4.9,8.4,4.0,6.2,6.0,59.0,49.0,24.0,20.0,7.2,4.5,0.0,0.0,11.166666666666666,6.604166666666667,8.299999999999999,4.670833333333333,5.8,3.233333333333333,22.0,29.958333333333332
2026-05-07 09:00:00,Miranda de Ebro,42.6853,-2.9403,11.4,8.6,6.5,67.0,0.5,149.0,27,7.8,0.0,9,3,5,0,11.7,4.5,8.8,3.9,7.7,4.1,58.0,70.0,23.0,28.0,7.3,7.9,0.0,0.0,11.466666666666667,6.887499999999999,8.4,4.870833333333333,6.5,3.3041666666666667,22.666666666666668,30.083333333333332
2026-05-07 10:00:00,Miranda de Ebro,42.6853,-2.9403,9.6,7.2,4.0,68.0,0.6,137.0,27,9.0,0.0,10,3,5,0,11.4,4.2,8.6,3.3,6.5,2.5,67.0,78.0,27.0,31.0,7.8,10.2,0.0,0.0,11.533333333333331,7.175,8.600000000000001,5.066666666666666,6.8,3.4041666666666663,24.666666666666668,30.041666666666668
2026-05-07 11:00:00,Miranda de Ebro,42.6853,-2.9403,9.0,5.9,3.1,71.0,0.5,127.0,28,11.1,0.0,11,3,5,0,9.6,3.9,7.2,3.1,4.0,1.3,68.0,88.0,27.0,35.0,9.0,12.0,0.0,0.0,10.899999999999999,7.3999999999999995,8.200000000000001,5.229166666666667,6.066666666666667,3.4666666666666663,25.666666666666668,29.875
2026-05-07 12:00:00,Miranda de Ebro,42.6853,-2.9403,7.4,5.5,2.2,80.0,0.4,125.0,32,13.0,0.0,12,3,5,0,9.0,4.3,5.9,2.7,3.1,0.9,71.0,91.0,28.0,36.0,11.1,13.8,0.0,0.0,10.0,7.6125,7.233333333333333,5.345833333333332,4.533333333333333,3.5416666666666665,27.333333333333332,29.583333333333332
2026-05-07 13:00:00,Miranda de Ebro,42.6853,-2.9403,6.3,5.0,1.6,84.0,0.3,124.0,34,15.2,0.0,13,3,5,0,7.4,3.8,5.5,2.0,2.2,0.7,80.0,94.0,32.0,38.0,13.0,15.0,0.0,0.0,8.666666666666666,7.741666666666667,6.2,5.4624999999999995,3.1,3.5958333333333337,29.0,29.416666666666668
2026-05-07 14:00:00,Miranda de Ebro,42.6853,-2.9403,6.0,4.8,1.1,89.0,0.3,120.0,36,16.8,0.1,14,3,5,0,6.3,4.2,5.0,1.8,1.6,0.6,84.0,93.0,34.0,37.0,15.2,14.9,0.0,0.0,7.5666666666666655,7.845833333333334,5.466666666666668,5.5874999999999995,2.3000000000000003,3.6333333333333333,31.333333333333332,29.25
2026-05-07 15:00:00,Miranda de Ebro,42.6853,-2.9403,6.0,4.7,0.9,91.0,0.3,121.0,36,17.5,0.6,15,3,5,0,6.0,3.8,4.8,1.8,1.1,0.6,89.0,91.0,36.0,36.0,16.8,15.7,0.1,0.0,6.566666666666666,7.920833333333334,5.1,5.7124999999999995,1.6333333333333335,3.6541666666666663,34.0,29.208333333333332
2026-05-07 16:00:00,Miranda de Ebro,42.6853,-2.9403,4.8,3.4,0.8,93.0,0.2,117.0,37,17.5,1.2,16,3,5,0,6.0,3.8,4.7,2.1,0.9,0.7,91.0,90.0,36.0,36.0,17.5,15.2,0.6,0.1,6.099999999999999,8.012500000000001,4.833333333333333,5.833333333333333,1.2,3.6666666666666665,35.333333333333336,29.208333333333332
2026-05-07 17:00:00,Miranda de Ebro,42.6853,-2.9403,3.8,2.5,0.9,90.0,0.2,114.0,36,17.2,2.5,17,3,5,0,4.8,4.0,3.4,2.3,0.8,0.7,93.0,91.0,37.0,36.0,17.5,15.4,1.2,0.2,5.599999999999999,8.054166666666665,4.3,5.887499999999999,0.9333333333333335,3.670833333333333,36.333333333333336,29.25
2026-05-07 18:00:00,Miranda de Ebro,42.6853,-2.9403,3.6,2.6,1.2,87.0,0.2,112.0,35,16.8,1.4,18,3,5,0,3.8,3.8,2.5,2.4,0.9,0.9,90.0,91.0,36.0,36.0,17.2,14.5,2.5,1.6,4.866666666666666,8.045833333333333,3.533333333333333,5.895833333333333,0.8666666666666667,3.679166666666667,36.333333333333336,29.25
2026-05-07 19:00:00,Miranda de Ebro,42.6853,-2.9403,3.5,2.6,1.4,88.0,0.3,112.0,35,16.1,0.9,19,3,5,0,3.6,4.5,2.6,2.6,1.2,1.1,87.0,88.0,35.0,35.0,16.8,14.2,1.4,0.0,4.0666666666666655,8.0375,2.8333333333333335,5.904166666666666,0.9666666666666668,3.691666666666667,36.0,29.208333333333332
2026-05-07 20:00:00,Miranda de Ebro,42.6853,-2.9403,3.8,2.9,1.9,85.0,0.4,114.0,34,15.9,0.1,20,3,5,0,3.5,4.9,2.6,3.1,1.4,1.6,88.0,85.0,35.0,34.0,16.1,13.2,0.9,0.0,3.633333333333333,7.995833333333334,2.5666666666666664,5.904166666666668,1.1666666666666667,3.704166666666666,35.333333333333336,29.208333333333332
2026-05-07 21:00:00,Miranda de Ebro,42.6853,-2.9403,4.6,4.1,3.2,78.0,0.5,120.0,31,14.9,0.0,21,3,5,0,3.8,6.7,2.9,4.0,1.9,2.9,85.0,81.0,34.0,32.0,15.9,12.2,0.1,0.0,3.633333333333333,7.95,2.6999999999999997,5.895833333333333,1.5,3.716666666666667,34.666666666666664,29.208333333333332
2026-05-07 22:00:00,Miranda de Ebro,42.6853,-2.9403,4.9,4.2,3.8,74.0,0.5,122.0,30,13.6,0.0,22,3,5,0,4.6,7.4,4.1,4.6,3.2,3.9,78.0,77.0,31.0,31.0,14.9,11.2,0.0,0.0,3.9666666666666663,7.862500000000001,3.1999999999999997,5.900000000000001,2.1666666666666665,3.7291666666666674,33.333333333333336,29.166666666666668
2026-05-07 23:00:00,Miranda de Ebro,42.6853,-2.9403,4.9,4.2,5.0,67.0,0.6,120.0,27,12.3,0.0,23,3,5,0,4.9,7.8,4.2,5.3,3.8,4.5,74.0,70.0,30.0,28.0,13.6,10.1,0.0,0.0,4.433333333333333,7.758333333333334,3.733333333333333,5.883333333333333,2.966666666666667,3.725,31.666666666666668,29.125
2026-05-06 00:00:00,Salamanca,40.9701,-5.6635,3.7,2.5,4.2,61.0,0.2,120.0,24,8.2,0.0,0,2,5,0,4.1,4.5,2.4,2.4,3.5,2.0,67.0,67.0,27.0,27.0,9.2,8.6,0.0,0.0,3.6666666666666665,4.8875,2.3333333333333335,3.0208333333333335,3.1,2.308333333333333,29.0,28.333333333333332
2026-05-06 01:00:00,Salamanca,40.9701,-5.6635,3.5,2.4,4.3,56.0,0.2,119.0,22,7.3,0.0,1,2,5,0,3.7,4.7,2.5,2.5,4.2,2.1,61.0,62.0,24.0,25.0,8.2,8.1,0.0,0.0,3.7999999999999994,4.854166666666667,2.433333333333333,3.025,3.6666666666666665,2.4,26.666666666666668,28.208333333333332
2026-05-06 02:00:00,Salamanca,40.9701,-5.6635,3.3,2.3,3.8,55.0,0.2,120.0,22,6.6,0.0,2,2,5,0,3.5,4.8,2.4,2.7,4.3,2.4,56.0,61.0,22.0,24.0,7.3,7.8,0.0,0.0,3.766666666666667,4.804166666666666,2.433333333333333,3.0208333333333335,4.0,2.4916666666666667,24.333333333333332,28.083333333333332
2026-05-06 03:00:00,Salamanca,40.9701,-5.6635,3.2,2.4,3.4,53.0,0.2,120.0,21,6.2,0.0,3,2,5,0,3.3,4.7,2.3,2.6,3.8,2.5,55.0,59.0,22.0,24.0,6.6,7.4,0.0,0.0,3.5,4.741666666666666,2.3999999999999995,3.004166666666667,4.1000000000000005,2.5500000000000003,22.666666666666668,28.0
2026-05-06 04:00:00,Salamanca,40.9701,-5.6635,3.3,2.4,3.5,49.0,0.2,120.0,20,5.8,0.0,4,2,5,0,3.2,4.9,2.4,3.3,3.4,2.4,53.0,58.0,21.0,23.0,6.2,6.8,0.0,0.0,3.3333333333333335,4.679166666666666,2.3666666666666667,2.995833333333333,3.8333333333333335,2.5875,21.666666666666668,27.875
2026-05-06 05:00:00,Salamanca,40.9701,-5.6635,3.4,2.6,3.7,46.0,0.2,120.0,18,5.4,0.0,5,2,5,0,3.3,5.7,2.4,3.9,3.5,2.3,49.0,57.0,20.0,23.0,5.8,6.2,0.0,0.0,3.266666666666667,4.6125,2.3666666666666663,2.9583333333333335,3.5666666666666664,2.6333333333333333,21.0,27.75
2026-05-06 06:00:00,Salamanca,40.9701,-5.6635,4.5,3.8,5.0,44.0,0.2,121.0,18,5.1,0.0,6,2,5,0,3.4,6.0,2.6,4.0,3.7,3.0,46.0,55.0,18.0,22.0,5.4,5.8,0.0,0.0,3.3000000000000003,4.516666666666667,2.4666666666666663,2.9041666666666663,3.533333333333333,2.6916666666666664,19.666666666666668,27.541666666666668
2026-05-06 07:00:00,Salamanca,40.9701,-5.6635,4.8,4.3,7.5,36.0,0.2,123.0,14,4.9,0.0,7,2,5,0,4.5,6.1,3.8,4.9,5.0,4.1,44.0,54.0,18.0,22.0,5.1,5.6,0.0,0.0,3.733333333333333,4.454166666666667,2.933333333333333,2.8958333333333335,4.066666666666666,2.775,18.666666666666668,27.375
2026-05-06 08:00:00,Salamanca,40.9701,-5.6635,5.9,4.5,12.0,28.0,0.3,128.0,11,4.9,0.0,8,2,5,0,4.8,6.6,4.3,5.1,7.5,5.2,36.0,55.0,14.0,22.0,4.9,5.6,0.0,0.0,4.233333333333333,4.3999999999999995,3.5666666666666664,2.8708333333333336,5.3999999999999995,2.9166666666666665,16.666666666666668,27.041666666666668
2026-05-06 09:00:00,Salamanca,40.9701,-5.6635,6.1,4.9,11.8,39.0,0.5,131.0,16,6.7,0.0,9,2,5,0,5.9,5.5,4.5,4.3,12.0,6.3,28.0,60.0,11.0,24.0,4.9,6.7,0.0,0.0,5.066666666666666,4.370833333333334,4.199999999999999,2.845833333333333,8.166666666666666,3.1999999999999997,14.333333333333334,26.583333333333332
2026-05-06 10:00:00,Salamanca,40.9701,-5.6635,6.1,5.1,6.6,51.0,0.4,128.0,20,9.0,0.0,10,2,5,0,6.1,5.5,4.9,3.5,11.8,2.9,39.0,64.0,16.0,26.0,6.7,8.3,0.0,0.0,5.6000000000000005,4.395833333333333,4.566666666666666,2.870833333333333,10.433333333333334,3.4291666666666667,13.666666666666666,26.25
2026-05-06 11:00:00,Salamanca,40.9701,-5.6635,6.2,4.6,2.7,68.0,0.4,124.0,27,11.1,0.0,11,2,5,0,6.1,5.9,5.1,3.5,6.6,1.7,51.0,70.0,20.0,28.0,9.0,9.8,0.0,0.0,6.033333333333332,4.420833333333333,4.833333333333333,2.9375,10.133333333333333,3.5833333333333335,15.666666666666666,26.0
2026-05-06 12:00:00,Salamanca,40.9701,-5.6635,5.5,4.2,1.9,80.0,0.3,121.0,32,12.4,0.0,12,2,5,0,6.2,6.6,4.6,4.0,2.7,1.3,68.0,74.0,27.0,30.0,11.1,11.2,0.0,0.0,6.133333333333333,4.433333333333333,4.866666666666666,2.983333333333333,7.033333333333334,3.625,21.0,25.958333333333332
2026-05-06 13:00:00,Salamanca,40.9701,-5.6635,4.1,3.4,1.4,86.0,0.3,118.0,34,13.7,0.0,13,2,5,0,5.5,5.6,4.2,2.6,1.9,1.1,80.0,79.0,32.0,32.0,12.4,12.6,0.0,0.0,5.933333333333333,4.3875,4.633333333333333,2.9916666666666667,3.733333333333333,3.65,26.333333333333332,26.041666666666668
2026-05-06 14:00:00,Salamanca,40.9701,-5.6635,4.4,2.5,1.2,90.0,0.3,117.0,36,14.9,0.0,14,2,5,0,4.1,5.1,3.4,2.3,1.4,0.9,86.0,83.0,34.0,33.0,13.7,13.5,0.0,0.0,5.266666666666667,4.325,4.066666666666666,3.0250000000000004,2.0,3.6625,31.0,26.125
2026-05-06 15:00:00,Salamanca,40.9701,-5.6635,4.7,2.2,1.5,85.0,0.2,116.0,34,15.9,0.0,15,2,5,0,4.4,4.5,2.5,2.2,1.2,0.8,90.0,86.0,36.0,34.0,14.9,14.2,0.0,0.0,4.666666666666667,4.295833333333333,3.3666666666666667,3.0333333333333337,1.5,3.6750000000000003,34.0,26.25
2026-05-06 16:00:00,Salamanca,40.9701,-5.6635,3.4,2.2,1.7,84.0,0.3,115.0,34,16.4,0.0,16,2,5,0,4.7,4.4,2.2,2.2,1.5,0.7,85.0,87.0,34.0,35.0,15.9,14.9,0.0,0.0,4.3999999999999995,4.304166666666666,2.6999999999999997,3.033333333333333,1.3666666666666665,3.704166666666667,34.666666666666664,26.25
2026-05-06 17:00:00,Salamanca,40.9701,-5.6635,3.1,2.2,1.6,86.0,0.3,114.0,34,17.0,0.0,17,2,5,0,3.4,4.1,2.2,2.3,1.7,0.8,84.0,85.0,34.0,34.0,16.4,15.2,0.0,0.0,4.166666666666667,4.2625,2.2999999999999994,3.033333333333333,1.4666666666666668,3.745833333333333,34.666666666666664,26.208333333333332
2026-05-06 18:00:00,Salamanca,40.9701,-5.6635,2.8,2.1,1.4,90.0,0.3,112.0,36,17.2,0.0,18,2,5,0,3.1,4.0,2.2,2.5,1.6,0.9,86.0,87.0,34.0,35.0,17.0,14.9,0.0,0.0,3.733333333333333,4.220833333333333,2.2,3.029166666666667,1.5999999999999999,3.779166666666667,34.0,26.208333333333332
2026-05-06 19:00:00,Salamanca,40.9701,-5.6635,2.9,2.1,1.8,94.0,0.2,111.0,38,17.0,0.0,19,2,5,0,2.8,3.9,2.1,2.6,1.4,1.1,90.0,87.0,36.0,35.0,17.2,14.2,0.0,0.1,3.1,4.170833333333333,2.1666666666666665,3.0124999999999997,1.5666666666666664,3.7999999999999994,34.666666666666664,26.25
2026-05-06 20:00:00,Salamanca,40.9701,-5.6635,3.0,2.1,2.6,93.0,0.3,111.0,37,16.3,0.0,20,2,5,0,2.9,3.2,2.1,2.1,1.8,1.6,94.0,87.0,38.0,35.0,17.0,13.5,0.0,0.1,2.933333333333333,4.129166666666667,2.133333333333333,2.9916666666666667,1.5999999999999999,3.829166666666667,36.0,26.375
2026-05-06 21:00:00,Salamanca,40.9701,-5.6635,3.8,2.3,3.9,84.0,0.3,113.0,34,15.4,0.0,21,2,5,0,3.0,3.3,2.1,2.2,2.6,2.5,93.0,78.0,37.0,31.0,16.3,12.2,0.0,0.0,2.9,4.120833333333334,2.1,2.9916666666666667,1.9333333333333336,3.8708333333333336,37.0,26.458333333333332
2026-05-06 22:00:00,Salamanca,40.9701,-5.6635,3.8,2.5,4.4,75.0,0.4,115.0,30,14.3,0.0,22,2,5,0,3.8,3.6,2.3,2.4,3.9,3.3,84.0,73.0,34.0,29.0,15.4,10.6,0.0,0.0,3.233333333333333,4.141666666666667,2.1666666666666665,2.995833333333333,2.766666666666667,3.929166666666667,36.333333333333336,26.583333333333332
2026-05-06 23:00:00,Salamanca,40.9701,-5.6635,4.1,2.7,4.6,74.0,0.4,116.0,30,13.0,0.0,23,2,5,0,3.8,4.1,2.5,2.4,4.4,3.5,75.0,67.0,30.0,27.0,14.3,9.2,0.0,0.0,3.533333333333333,4.1499999999999995,2.2999999999999994,3.0,3.6333333333333333,3.9749999999999996,33.666666666666664,26.625
2026-05-07 00:00:00,Salamanca,40.9701,-5.6635,4.4,3.0,4.4,72.0,0.3,117.0,29,11.8,0.0,0,3,5,0,4.1,3.7,2.7,2.5,4.6,4.2,74.0,61.0,30.0,24.0,13.0,8.2,0.0,0.0,3.9,4.1499999999999995,2.4999999999999996,3.0124999999999997,4.3,4.020833333333333,31.333333333333332,26.75
2026-05-07 01:00:00,Salamanca,40.9701,-5.6635,4.6,3.4,4.3,66.0,0.3,117.0,26,10.7,0.0,1,3,5,0,4.4,3.5,3.0,2.4,4.4,4.3,72.0,56.0,29.0,22.0,11.8,7.3,0.0,0.0,4.1000000000000005,4.179166666666666,2.733333333333333,3.033333333333333,4.466666666666667,4.029166666666667,29.666666666666668,26.958333333333332
2026-05-07 02:00:00,Salamanca,40.9701,-5.6635,5.0,4.0,4.3,62.0,0.3,117.0,25,10.0,0.0,2,3,5,0,4.6,3.3,3.4,2.3,4.3,3.8,66.0,55.0,26.0,22.0,10.7,6.6,0.0,0.0,4.366666666666666,4.2250000000000005,3.033333333333333,3.0749999999999997,4.433333333333334,4.029166666666666,28.333333333333332,27.125
2026-05-07 03:00:00,Salamanca,40.9701,-5.6635,5.9,4.2,3.8,55.0,0.3,118.0,22,9.3,0.0,3,3,5,0,5.0,3.2,4.0,2.4,4.3,3.4,62.0,53.0,25.0,21.0,10.0,6.2,0.0,0.0,4.666666666666667,4.295833333333333,3.4666666666666663,3.1458333333333335,4.333333333333333,4.05,26.666666666666668,27.25
2026-05-07 04:00:00,Salamanca,40.9701,-5.6635,6.2,4.7,3.7,49.0,0.3,117.0,20,9.0,0.0,4,3,5,0,5.9,3.3,4.2,2.4,3.8,3.5,55.0,49.0,22.0,20.0,9.3,5.8,0.0,0.0,5.166666666666667,4.408333333333333,3.8666666666666667,3.2208333333333337,4.133333333333333,4.066666666666667,24.333333333333332,27.291666666666668
2026-05-07 05:00:00,Salamanca,40.9701,-5.6635,6.3,4.4,3.7,44.0,0.3,117.0,18,8.4,0.0,5,3,5,0,6.2,3.4,4.7,2.6,3.7,3.7,49.0,46.0,20.0,18.0,9.0,5.4,0.0,0.0,5.7,4.529166666666667,4.3,3.3166666666666664,3.933333333333333,4.075,22.333333333333332,27.291666666666668
2026-05-07 06:00:00,Salamanca,40.9701,-5.6635,6.1,4.0,6.6,40.0,0.3,117.0,16,8.2,0.0,6,3,5,0,6.3,4.5,4.4,3.8,3.7,5.0,44.0,44.0,18.0,18.0,8.4,5.1,0.0,0.0,6.133333333333333,4.6499999999999995,4.433333333333334,3.391666666666667,3.733333333333333,4.075,20.0,27.291666666666668
2026-05-07 07:00:00,Salamanca,40.9701,-5.6635,6.5,4.4,8.8,32.0,0.4,120.0,13,7.8,0.0,7,3,5,0,6.1,4.8,4.0,4.3,6.6,7.5,40.0,36.0,16.0,14.0,8.2,4.9,0.0,0.0,6.2,4.716666666666666,4.366666666666667,3.4,4.666666666666667,4.141666666666667,18.0,27.208333333333332
2026-05-07 08:00:00,Salamanca,40.9701,-5.6635,6.8,5.5,12.9,26.0,0.5,123.0,10,7.4,0.0,8,3,5,0,6.5,5.9,4.4,4.5,8.8,12.0,32.0,28.0,13.0,11.0,7.8,4.9,0.0,0.0,6.3,4.7875000000000005,4.266666666666667,3.404166666666667,6.366666666666667,4.195833333333334,15.666666666666666,27.166666666666668
2026-05-07 09:00:00,Salamanca,40.9701,-5.6635,6.8,5.6,10.9,29.0,0.5,125.0,12,8.8,0.0,9,3,5,0,6.8,6.1,5.5,4.9,12.9,11.8,26.0,39.0,10.0,16.0,7.4,6.7,0.0,0.0,6.466666666666666,4.825,4.633333333333333,3.4458333333333333,9.433333333333334,4.233333333333333,13.0,27.125
2026-05-07 10:00:00,Salamanca,40.9701,-5.6635,5.8,4.9,6.4,48.0,0.6,121.0,19,11.3,0.0,10,3,5,0,6.8,6.1,5.6,5.1,10.9,6.6,29.0,51.0,12.0,20.0,8.8,9.0,0.0,0.0,6.7,4.854166666666667,5.166666666666667,3.475,10.866666666666667,4.195833333333334,11.666666666666666,26.958333333333332
2026-05-07 11:00:00,Salamanca,40.9701,-5.6635,6.4,4.9,5.0,74.0,0.6,118.0,30,14.1,0.0,11,3,5,0,5.8,6.2,4.9,4.6,6.4,2.7,48.0,68.0,19.0,27.0,11.3,11.1,0.0,0.0,6.466666666666666,4.841666666666667,5.333333333333333,3.466666666666667,10.066666666666666,4.1875,13.666666666666666,26.916666666666668
2026-05-07 12:00:00,Salamanca,40.9701,-5.6635,5.3,4.7,3.1,85.0,0.4,115.0,34,16.4,0.0,12,3,5,0,6.4,5.5,4.9,4.2,5.0,1.9,74.0,80.0,30.0,32.0,14.1,12.4,0.0,0.0,6.333333333333333,4.8500000000000005,5.133333333333334,3.4791666666666665,7.433333333333334,4.283333333333333,20.333333333333332,27.041666666666668
2026-05-07 13:00:00,Salamanca,40.9701,-5.6635,4.5,3.0,1.5,88.0,0.2,112.0,35,17.3,0.0,13,3,5,0,5.3,4.1,4.7,3.4,3.1,1.4,85.0,86.0,34.0,34.0,16.4,13.7,0.0,0.0,5.833333333333333,4.841666666666667,4.833333333333333,3.5,4.833333333333333,4.333333333333333,27.666666666666668,27.125
2026-05-07 14:00:00,Salamanca,40.9701,-5.6635,3.7,2.5,0.9,88.0,0.2,111.0,35,18.2,0.0,14,3,5,0,4.5,4.4,3.0,2.5,1.5,1.2,88.0,90.0,35.0,36.0,17.3,14.9,0.0,0.0,5.3999999999999995,4.858333333333333,4.2,3.483333333333333,3.1999999999999997,4.3374999999999995,33.0,27.166666666666668
2026-05-07 15:00:00,Salamanca,40.9701,-5.6635,3.1,2.5,0.7,93.0,0.2,111.0,37,19.0,0.0,15,3,5,0,3.7,4.7,2.5,2.2,0.9,1.5,88.0,85.0,35.0,34.0,18.2,15.9,0.0,0.0,4.5,4.829166666666667,3.4,3.483333333333333,1.8333333333333333,4.325,34.666666666666664,27.125
2026-05-07 16:00:00,Salamanca,40.9701,-5.6635,3.3,2.3,0.7,97.0,0.2,112.0,39,19.0,0.0,16,3,5,0,3.1,3.4,2.5,2.2,0.7,1.7,93.0,84.0,37.0,34.0,19.0,16.4,0.0,0.0,3.766666666666667,4.7625,2.6666666666666665,3.4958333333333336,1.0333333333333334,4.291666666666667,35.666666666666664,27.25
2026-05-07 17:00:00,Salamanca,40.9701,-5.6635,4.1,2.3,0.7,94.0,0.2,112.0,38,18.9,0.0,17,3,5,0,3.3,3.1,2.3,2.2,0.7,1.6,97.0,86.0,39.0,34.0,19.0,17.0,0.0,0.0,3.3666666666666667,4.758333333333333,2.433333333333333,3.5,0.7666666666666666,4.25,37.0,27.458333333333332
2026-05-07 18:00:00,Salamanca,40.9701,-5.6635,3.9,2.6,0.9,92.0,0.2,112.0,37,18.9,0.0,18,3,5,0,4.1,2.8,2.3,2.1,0.7,1.4,94.0,90.0,38.0,36.0,18.9,17.2,0.0,0.0,3.5,4.8,2.3666666666666667,3.5041666666666664,0.7,4.2124999999999995,38.0,27.625
2026-05-07 19:00:00,Salamanca,40.9701,-5.6635,3.5,2.8,1.1,91.0,0.2,113.0,36,18.2,0.0,19,3,5,0,3.9,2.9,2.6,2.1,0.9,1.8,92.0,94.0,37.0,38.0,18.9,17.0,0.0,0.0,3.766666666666666,4.845833333333333,2.4,3.5250000000000004,0.7666666666666666,4.191666666666667,38.0,27.666666666666668
2026-05-07 20:00:00,Salamanca,40.9701,-5.6635,3.5,2.7,1.6,90.0,0.2,114.0,36,17.3,0.0,20,3,5,0,3.5,3.0,2.8,2.1,1.1,2.6,91.0,93.0,36.0,37.0,18.2,16.3,0.0,0.0,3.8333333333333326,4.870833333333333,2.5666666666666664,3.5541666666666667,0.9,4.1625,37.0,27.583333333333332
2026-05-07 21:00:00,Salamanca,40.9701,-5.6635,4.5,3.0,3.3,83.0,0.3,116.0,33,16.4,0.0,21,3,5,0,3.5,3.8,2.7,2.3,1.6,3.9,90.0,84.0,36.0,34.0,17.3,15.4,0.0,0.0,3.633333333333333,4.891666666666667,2.6999999999999997,3.579166666666667,1.2,4.120833333333334,36.333333333333336,27.541666666666668
2026-05-07 22:00:00,Salamanca,40.9701,-5.6635,4.9,3.1,3.4,76.0,0.3,117.0,30,14.7,0.0,22,3,5,0,4.5,3.8,3.0,2.5,3.3,4.4,83.0,75.0,33.0,30.0,16.4,14.3,0.0,0.0,3.8333333333333326,4.920833333333333,2.8333333333333335,3.608333333333334,2.0,4.095833333333333,35.0,27.5
2026-05-07 23:00:00,Salamanca,40.9701,-5.6635,5.4,3.2,4.1,70.0,0.3,116.0,28,13.4,0.0,23,3,5,0,4.9,4.1,3.1,2.7,3.4,4.6,76.0,74.0,30.0,30.0,14.7,13.0,0.0,0.0,4.3,4.966666666666667,2.9333333333333336,3.6333333333333333,2.766666666666667,4.054166666666666,33.0,27.5
2026-05-06 00:00:00,Valladolid,41.6523,-4.7245,5.2,3.5,10.0,58.0,0.8,125.0,23,8.9,0.0,0,2,5,0,4.6,4.0,3.2,2.7,8.2,3.8,62.0,67.0,25.0,27.0,9.9,10.1,0.0,0.0,3.733333333333333,4.054166666666666,2.6666666666666665,2.591666666666667,6.433333333333333,4.1000000000000005,27.333333333333332,26.125
2026-05-06 01:00:00,Valladolid,41.6523,-4.7245,5.1,3.5,9.8,53.0,0.8,125.0,21,7.6,0.0,1,2,5,0,5.2,4.0,3.5,2.6,10.0,4.2,58.0,62.0,23.0,25.0,8.9,9.4,0.0,0.2,4.466666666666667,4.104166666666667,3.1,2.625,8.233333333333333,4.358333333333333,25.333333333333332,25.958333333333332
2026-05-06 02:00:00,Valladolid,41.6523,-4.7245,4.8,3.3,8.2,49.0,0.7,126.0,20,6.8,0.0,2,2,5,0,5.1,4.0,3.5,2.4,9.8,4.1,53.0,59.0,21.0,24.0,7.6,8.7,0.0,0.0,4.966666666666667,4.1499999999999995,3.4,2.6625,9.333333333333334,4.591666666666667,23.0,25.791666666666668
2026-05-06 03:00:00,Valladolid,41.6523,-4.7245,5.3,3.4,6.4,37.0,0.5,126.0,15,6.1,0.0,3,2,5,0,4.8,4.0,3.3,2.3,8.2,3.9,49.0,54.0,20.0,22.0,6.8,7.9,0.0,0.0,5.033333333333334,4.183333333333334,3.433333333333333,2.6999999999999997,9.333333333333334,4.7625,21.333333333333332,25.625
2026-05-06 04:00:00,Valladolid,41.6523,-4.7245,5.6,4.0,6.6,36.0,0.6,127.0,14,5.3,0.0,4,2,5,0,5.3,4.0,3.4,2.4,6.4,3.9,37.0,51.0,15.0,20.0,6.1,7.5,0.0,0.0,5.066666666666666,4.2375,3.4,2.7458333333333336,8.133333333333333,4.866666666666666,18.666666666666668,25.333333333333332
2026-05-06 05:00:00,Valladolid,41.6523,-4.7245,6.4,4.6,7.5,38.0,0.7,129.0,15,4.8,0.0,5,2,5,0,5.6,4.2,4.0,2.6,6.6,4.4,36.0,47.0,14.0,19.0,5.3,7.5,0.0,0.1,5.233333333333333,4.304166666666666,3.5666666666666664,2.8125,7.066666666666666,4.979166666666667,16.333333333333332,25.083333333333332
2026-05-06 06:00:00,Valladolid,41.6523,-4.7245,6.3,4.7,8.4,35.0,0.9,132.0,14,4.5,0.0,6,2,5,0,6.4,4.7,4.6,3.1,7.5,5.2,38.0,45.0,15.0,18.0,4.8,7.4,0.0,0.2,5.766666666666666,4.395833333333333,4.0,2.8958333333333335,6.833333333333333,5.108333333333333,14.666666666666666,24.916666666666668
2026-05-06 07:00:00,Valladolid,41.6523,-4.7245,6.1,4.7,9.8,29.0,1.0,135.0,12,4.4,0.0,7,2,5,0,6.3,5.8,4.7,3.7,8.4,8.3,35.0,40.0,14.0,16.0,4.5,7.0,0.0,0.1,6.1000000000000005,4.4624999999999995,4.433333333333334,2.9625,7.5,5.241666666666666,14.333333333333334,24.75
2026-05-06 08:00:00,Valladolid,41.6523,-4.7245,7.0,5.0,13.9,26.0,1.2,142.0,10,4.5,0.0,8,2,5,0,6.1,6.0,4.7,4.3,9.8,11.3,29.0,32.0,12.0,13.0,4.4,6.9,0.0,0.0,6.266666666666667,4.475,4.666666666666667,3.0041666666666664,8.566666666666668,5.304166666666666,13.666666666666666,24.583333333333332
2026-05-06 09:00:00,Valladolid,41.6523,-4.7245,6.8,5.0,10.1,39.0,1.1,139.0,16,6.5,0.0,9,2,5,0,7.0,5.5,5.0,3.3,13.9,8.7,26.0,42.0,10.0,17.0,4.5,7.4,0.0,0.0,6.466666666666666,4.516666666666667,4.8,3.033333333333333,10.700000000000001,5.4125000000000005,12.0,24.458333333333332
2026-05-06 10:00:00,Valladolid,41.6523,-4.7245,6.1,4.5,7.1,66.0,1.2,135.0,26,9.2,0.0,10,2,5,0,6.8,5.6,5.0,3.5,10.1,5.0,39.0,60.0,16.0,24.0,6.5,8.7,0.0,0.0,6.633333333333333,4.570833333333333,4.8999999999999995,3.1041666666666665,11.266666666666667,5.470833333333334,12.666666666666666,24.416666666666668
2026-05-06 11:00:00,Valladolid,41.6523,-4.7245,6.0,4.4,4.7,71.0,0.8,131.0,28,11.7,0.0,11,2,5,0,6.1,4.7,4.5,3.0,7.1,2.8,66.0,66.0,26.0,26.0,9.2,10.5,0.0,0.0,6.633333333333333,4.591666666666667,4.833333333333333,3.1458333333333335,10.366666666666665,5.558333333333334,17.333333333333332,24.5
2026-05-06 12:00:00,Valladolid,41.6523,-4.7245,5.2,4.4,2.9,85.0,0.6,128.0,34,13.5,0.0,12,2,5,0,6.0,4.3,4.4,3.0,4.7,1.9,71.0,68.0,28.0,27.0,11.7,11.6,0.0,0.1,6.3,4.645833333333333,4.633333333333334,3.204166666666667,7.3,5.637499999999999,23.333333333333332,24.583333333333332
2026-05-06 13:00:00,Valladolid,41.6523,-4.7245,5.2,3.9,2.2,93.0,0.6,125.0,37,14.8,0.0,13,2,5,0,5.2,3.7,4.4,2.7,2.9,1.4,85.0,77.0,34.0,31.0,13.5,12.6,0.0,0.1,5.766666666666667,4.683333333333334,4.433333333333334,3.2624999999999997,4.8999999999999995,5.679166666666666,29.333333333333332,24.875
2026-05-06 14:00:00,Valladolid,41.6523,-4.7245,3.9,3.2,1.8,95.0,0.5,121.0,38,15.8,0.0,14,2,5,0,5.2,3.5,3.9,2.5,2.2,1.2,93.0,80.0,37.0,32.0,14.8,13.5,0.0,0.1,5.466666666666666,4.745833333333334,4.233333333333333,3.3125,3.266666666666667,5.7124999999999995,33.0,25.125
2026-05-06 15:00:00,Valladolid,41.6523,-4.7245,3.5,2.8,2.0,93.0,0.6,119.0,37,17.0,0.0,15,2,5,0,3.9,3.4,3.2,1.7,1.8,1.2,95.0,83.0,38.0,33.0,15.8,14.6,0.0,0.1,4.766666666666667,4.7625,3.8333333333333335,3.341666666666667,2.3000000000000003,5.7375,36.333333333333336,25.375
2026-05-06 16:00:00,Valladolid,41.6523,-4.7245,3.6,2.9,2.0,93.0,0.6,118.0,37,17.6,0.0,16,2,5,0,3.5,2.9,2.8,1.5,2.0,1.1,93.0,89.0,37.0,36.0,17.0,15.3,0.0,0.1,4.2,4.766666666666667,3.3000000000000003,3.3874999999999997,2.0,5.770833333333333,37.333333333333336,25.541666666666668
2026-05-06 17:00:00,Valladolid,41.6523,-4.7245,3.6,2.8,2.3,93.0,0.5,116.0,37,17.9,0.0,17,2,5,0,3.6,3.1,2.9,1.5,2.0,1.2,93.0,86.0,37.0,34.0,17.6,15.6,0.0,0.1,3.6666666666666665,4.795833333333333,2.9666666666666663,3.445833333333333,1.9333333333333333,5.808333333333334,37.333333333333336,25.583333333333332
2026-05-06 18:00:00,Valladolid,41.6523,-4.7245,3.9,2.8,2.9,93.0,0.5,117.0,37,18.1,0.0,18,2,5,0,3.6,3.1,2.8,1.8,2.3,1.5,93.0,85.0,37.0,34.0,17.9,15.1,0.0,0.1,3.5666666666666664,4.816666666666666,2.8333333333333335,3.5,2.1,5.854166666666667,37.0,25.708333333333332
2026-05-06 19:00:00,Valladolid,41.6523,-4.7245,4.2,2.7,3.5,93.0,0.5,119.0,37,17.8,0.0,19,2,5,0,3.9,2.9,2.8,1.9,2.9,1.7,93.0,84.0,37.0,34.0,18.1,14.7,0.0,0.0,3.6999999999999997,4.8500000000000005,2.8333333333333335,3.5416666666666665,2.4,5.912499999999999,37.0,25.833333333333332
2026-05-06 20:00:00,Valladolid,41.6523,-4.7245,4.2,2.7,4.9,94.0,0.6,117.0,38,17.3,0.0,20,2,5,0,4.2,2.7,2.7,1.7,3.5,2.3,93.0,82.0,37.0,33.0,17.8,13.8,0.0,0.0,3.9,4.904166666666666,2.766666666666667,3.5750000000000006,2.9,5.9875,37.0,25.958333333333332
2026-05-06 21:00:00,Valladolid,41.6523,-4.7245,6.0,4.0,7.2,84.0,0.7,120.0,34,16.4,0.0,21,2,5,0,4.2,3.0,2.7,2.2,4.9,4.6,94.0,73.0,38.0,29.0,17.3,11.5,0.0,0.2,4.1000000000000005,4.966666666666667,2.733333333333333,3.616666666666667,3.766666666666667,6.095833333333332,37.333333333333336,26.166666666666668
2026-05-06 22:00:00,Valladolid,41.6523,-4.7245,6.4,4.5,9.1,77.0,1.0,120.0,31,13.8,0.0,22,2,5,0,6.0,3.6,4.0,2.6,7.2,6.5,84.0,70.0,34.0,28.0,16.4,10.7,0.0,0.0,4.8,5.091666666666667,3.1333333333333333,3.6916666666666664,5.2,6.204166666666667,36.333333333333336,26.375
2026-05-06 23:00:00,Valladolid,41.6523,-4.7245,5.9,4.0,7.5,76.0,0.9,120.0,30,12.8,0.0,23,2,5,0,6.4,4.6,4.5,3.2,9.1,8.2,77.0,62.0,31.0,25.0,13.8,9.9,0.0,0.0,5.533333333333334,5.208333333333333,3.733333333333333,3.7708333333333335,7.066666666666666,6.3125,34.333333333333336,26.5
2026-05-07 00:00:00,Valladolid,41.6523,-4.7245,6.5,4.1,7.3,69.0,0.9,122.0,28,10.8,0.0,0,3,5,0,5.9,5.2,4.0,3.5,7.5,10.0,76.0,58.0,30.0,23.0,12.8,8.9,0.0,0.0,6.1000000000000005,5.2625,4.166666666666667,3.804166666666667,7.933333333333333,6.283333333333334,31.666666666666668,26.708333333333332
2026-05-07 01:00:00,Valladolid,41.6523,-4.7245,6.1,3.9,6.2,66.0,0.8,122.0,26,10.2,0.0,1,3,5,0,6.5,5.1,4.1,3.5,7.3,9.8,69.0,53.0,28.0,21.0,10.8,7.6,0.0,0.0,6.266666666666667,5.316666666666666,4.2,3.829166666666667,7.966666666666666,6.170833333333333,29.666666666666668,26.916666666666668
2026-05-07 02:00:00,Valladolid,41.6523,-4.7245,5.1,4.1,5.3,56.0,0.6,121.0,22,9.7,0.0,2,3,5,0,6.1,4.8,3.9,3.3,6.2,8.2,66.0,49.0,26.0,20.0,10.2,6.8,0.0,0.0,6.166666666666667,5.358333333333333,4.0,3.845833333333333,7.0,6.020833333333333,28.0,27.125
2026-05-07 03:00:00,Valladolid,41.6523,-4.7245,5.1,3.8,3.7,51.0,0.5,120.0,20,9.3,0.0,3,3,5,0,5.1,5.3,4.1,3.4,5.3,6.4,56.0,37.0,22.0,15.0,9.7,6.1,0.0,0.0,5.8999999999999995,5.370833333333334,4.033333333333332,3.879166666666667,6.266666666666667,5.8999999999999995,25.333333333333332,27.208333333333332
2026-05-07 04:00:00,Valladolid,41.6523,-4.7245,5.3,3.4,3.7,54.0,0.5,119.0,22,8.8,0.0,4,3,5,0,5.1,5.6,3.8,4.0,3.7,6.6,51.0,36.0,20.0,14.0,9.3,5.3,0.0,0.0,5.433333333333333,5.3625,3.933333333333333,3.8958333333333335,5.066666666666666,5.7875000000000005,22.666666666666668,27.416666666666668
2026-05-07 05:00:00,Valladolid,41.6523,-4.7245,5.3,3.3,3.3,50.0,0.4,119.0,20,8.7,0.0,5,3,5,0,5.3,6.4,3.4,4.6,3.7,7.5,54.0,38.0,22.0,15.0,8.8,4.8,0.0,0.0,5.166666666666667,5.3500000000000005,3.766666666666666,3.8708333333333336,4.233333333333333,5.666666666666667,21.333333333333332,27.75
2026-05-07 06:00:00,Valladolid,41.6523,-4.7245,5.5,3.9,4.2,45.0,0.5,119.0,18,8.0,0.0,6,3,5,0,5.3,6.3,3.3,4.7,3.3,8.4,50.0,35.0,20.0,14.0,8.7,4.5,0.0,0.0,5.233333333333333,5.304166666666666,3.4999999999999996,3.816666666666667,3.5666666666666664,5.491666666666667,20.666666666666668,27.958333333333332
2026-05-07 07:00:00,Valladolid,41.6523,-4.7245,6.0,4.5,6.7,44.0,0.6,125.0,18,7.9,0.0,7,3,5,0,5.5,6.1,3.9,4.7,4.2,9.8,45.0,29.0,18.0,12.0,8.0,4.4,0.0,0.0,5.366666666666667,5.270833333333333,3.5333333333333328,3.783333333333333,3.733333333333333,5.316666666666667,20.0,28.125
2026-05-07 08:00:00,Valladolid,41.6523,-4.7245,7.0,5.0,11.2,38.0,0.8,131.0,15,8.0,0.0,8,3,5,0,6.0,7.0,4.5,5.0,6.7,13.9,44.0,26.0,18.0,10.0,7.9,4.5,0.0,0.0,5.599999999999999,5.266666666666667,3.9,3.775,4.733333333333333,5.1875,18.666666666666668,28.375
2026-05-07 09:00:00,Valladolid,41.6523,-4.7245,6.7,4.8,9.1,47.0,0.8,130.0,19,9.7,0.0,9,3,5,0,7.0,6.8,5.0,5.0,11.2,10.1,38.0,39.0,15.0,16.0,8.0,6.5,0.0,0.0,6.166666666666667,5.266666666666667,4.466666666666666,3.775,7.366666666666666,5.075,17.0,28.583333333333332
2026-05-07 10:00:00,Valladolid,41.6523,-4.7245,6.2,5.0,6.7,54.0,0.8,125.0,22,11.9,0.0,10,3,5,0,6.7,6.1,4.8,4.5,9.1,7.1,47.0,66.0,19.0,26.0,9.7,9.2,0.0,0.0,6.566666666666666,5.2625,4.766666666666667,3.766666666666667,9.0,5.033333333333334,17.333333333333332,28.708333333333332
2026-05-07 11:00:00,Valladolid,41.6523,-4.7245,6.6,5.3,4.8,68.0,0.8,122.0,27,14.6,0.0,11,3,5,0,6.2,6.0,5.0,4.4,6.7,4.7,54.0,71.0,22.0,28.0,11.9,11.7,0.0,0.0,6.633333333333333,5.266666666666667,4.933333333333333,3.7875,9.0,5.016666666666667,18.666666666666668,28.541666666666668
2026-05-07 12:00:00,Valladolid,41.6523,-4.7245,6.2,5.2,4.2,81.0,0.7,117.0,32,16.9,0.0,12,3,5,0,6.6,5.2,5.3,4.4,4.8,2.9,68.0,85.0,27.0,34.0,14.6,13.5,0.0,0.0,6.5,5.291666666666667,5.033333333333332,3.8249999999999997,6.866666666666667,5.020833333333333,22.666666666666668,28.5
2026-05-07 13:00:00,Valladolid,41.6523,-4.7245,6.6,4.5,2.7,89.0,0.6,115.0,36,18.4,0.0,13,3,5,0,6.2,5.2,5.2,3.9,4.2,2.2,81.0,93.0,32.0,37.0,16.9,14.8,0.0,0.0,6.333333333333333,5.333333333333333,5.166666666666666,3.858333333333334,5.233333333333333,5.075,27.0,28.416666666666668
2026-05-07 14:00:00,Valladolid,41.6523,-4.7245,6.6,4.2,1.7,89.0,0.4,112.0,36,19.3,0.0,14,3,5,0,6.6,3.9,4.5,3.2,2.7,1.8,89.0,95.0,36.0,38.0,18.4,15.8,0.0,0.0,6.466666666666666,5.391666666666667,5.0,3.8833333333333333,3.9000000000000004,5.095833333333333,31.666666666666668,28.375
2026-05-07 15:00:00,Valladolid,41.6523,-4.7245,6.8,4.0,1.8,95.0,0.3,112.0,38,20.3,0.0,15,3,5,0,6.6,3.5,4.2,2.8,1.7,2.0,89.0,93.0,36.0,37.0,19.3,17.0,0.0,0.0,6.466666666666666,5.504166666666666,4.633333333333333,3.9249999999999994,2.8666666666666667,5.091666666666667,34.666666666666664,28.291666666666668
2026-05-07 16:00:00,Valladolid,41.6523,-4.7245,5.9,3.6,1.7,97.0,0.3,112.0,39,20.5,0.0,16,3,5,0,6.8,3.6,4.0,2.9,1.8,2.0,95.0,93.0,38.0,37.0,20.3,17.6,0.0,0.0,6.666666666666667,5.641666666666667,4.233333333333333,3.9749999999999996,2.066666666666667,5.083333333333333,36.666666666666664,28.333333333333332
2026-05-07 17:00:00,Valladolid,41.6523,-4.7245,5.2,3.3,1.7,96.0,0.3,113.0,38,20.9,0.0,17,3,5,0,5.9,3.6,3.6,2.8,1.7,2.3,97.0,93.0,39.0,37.0,20.5,17.9,0.0,0.0,6.433333333333333,5.737500000000001,3.9333333333333336,4.004166666666667,1.7333333333333334,5.070833333333334,37.666666666666664,28.416666666666668
2026-05-07 18:00:00,Valladolid,41.6523,-4.7245,3.7,3.0,2.1,96.0,0.3,115.0,38,20.6,0.0,18,3,5,0,5.2,3.9,3.3,2.8,1.7,2.9,96.0,93.0,38.0,37.0,20.9,18.1,0.0,0.0,5.966666666666668,5.804166666666667,3.633333333333333,4.0249999999999995,1.7333333333333332,5.045833333333333,38.333333333333336,28.458333333333332
2026-05-07 19:00:00,Valladolid,41.6523,-4.7245,4.0,2.9,3.1,96.0,0.4,116.0,38,20.2,0.0,19,3,5,0,3.7,4.2,3.0,2.7,2.1,3.5,96.0,93.0,38.0,37.0,20.6,17.8,0.0,0.0,4.933333333333334,5.795833333333333,3.2999999999999994,4.033333333333333,1.8333333333333333,5.0125,38.333333333333336,28.5
2026-05-07 20:00:00,Valladolid,41.6523,-4.7245,5.2,3.2,4.3,92.0,0.4,117.0,37,19.5,0.0,20,3,5,0,4.0,4.2,2.9,2.7,3.1,4.9,96.0,94.0,38.0,38.0,20.2,17.3,0.0,0.0,4.3,5.787499999999999,3.0666666666666664,4.041666666666667,2.3000000000000003,4.995833333333334,38.0,28.541666666666668
2026-05-07 21:00:00,Valladolid,41.6523,-4.7245,5.7,3.9,7.8,80.0,0.6,120.0,32,18.7,0.0,21,3,5,0,5.2,6.0,3.2,4.0,4.3,7.2,92.0,84.0,37.0,34.0,19.5,16.4,0.0,0.0,4.3,5.829166666666667,3.0333333333333328,4.0625,3.1666666666666665,4.970833333333333,37.666666666666664,28.5
2026-05-07 22:00:00,Valladolid,41.6523,-4.7245,6.2,3.9,9.7,73.0,0.8,123.0,29,16.2,0.0,22,3,5,0,5.7,6.4,3.9,4.5,7.8,9.1,80.0,77.0,32.0,31.0,18.7,13.8,0.0,0.0,4.966666666666666,5.816666666666666,3.3333333333333326,4.058333333333334,5.066666666666666,4.995833333333334,35.666666666666664,28.416666666666668
2026-05-07 23:00:00,Valladolid,41.6523,-4.7245,6.7,4.3,11.5,68.0,0.9,123.0,27,15.4,0.0,23,3,5,0,6.2,5.9,3.9,4.0,9.7,7.5,73.0,76.0,29.0,30.0,16.2,12.8,0.0,0.0,5.7,5.808333333333334,3.6666666666666665,4.033333333333334,7.266666666666666,5.020833333333333,32.666666666666664,28.333333333333332
